applicant_id,Primary_applicant_age_in_years,Gender,Marital_status,Number_of_dependents,Housing,Years_at_current_residence,Employment_status,Has_been_employed_for_at_least,Has_been_employed_for_at_most,Savings_account_balance,Balance_in_existing_bank_account_(lower_limit_of_bucket),Balance_in_existing_bank_account_(upper_limit_of_bucket),high_risk_applicant
1113817,43,male,divorced/separated,1,own,3,management / self-employed / highly qualified employee / officer,,0 year,Low,,0,0
1114064,40,male,divorced/separated,1,own,4,management / self-employed / highly qualified employee / officer,1 year,4 years,Low,,0,0
1188917,26,male,divorced/separated,1,own,1,skilled employee / official,1 year,4 years,High,0,2 lac,0
1191977,31,male,divorced/separated,1,own,2,unskilled - resident,1 year,4 years,Low,0,2 lac,0
1216943,36,male,divorced/separated,1,own,4,skilled employee / official,1 year,4 years,Very high,2 lac,,0
1222155,31,male,divorced/separated,2,own,2,skilled employee / official,7 years,,Medium,0,2 lac,0
1321302,48,male,divorced/separated,1,for free,4,skilled employee / official,1 year,4 years,,,,0
1325678,28,male,divorced/separated,2,own,4,skilled employee / official,7 years,,Medium,2 lac,,0
1345875,25,male,divorced/separated,1,own,3,skilled employee / official,1 year,4 years,Low,,0,0
1357789,36,male,divorced/separated,1,own,3,management / self-employed / highly qualified employee / officer,4 years,7 years,High,0,2 lac,0
1414229,51,male,divorced/separated,1,for free,4,skilled employee / official,7 years,,Low,2 lac,,0
1452733,32,male,divorced/separated,1,own,2,skilled employee / official,1 year,4 years,Low,,0,0
1482932,24,male,divorced/separated,1,rent,2,unskilled - resident,1 year,4 years,Low,,0,0
1535647,33,male,divorced/separated,1,own,2,skilled employee / official,1 year,4 years,Very high,,,0
1563134,46,male,divorced/separated,2,own,2,management / self-employed / highly qualified employee / officer,7 years,,,,,0
1584674,47,male,divorced/separated,1,own,4,skilled employee / official,1 year,4 years,Low,0,2 lac,0
1596340,35,male,divorced/separated,1,own,2,management / self-employed / highly qualified employee / officer,0 year,1 year,Low,,,0
1621154,44,male,divorced/separated,1,own,4,skilled employee / official,0 year,1 year,,,,0
1653715,42,male,divorced/separated,1,own,1,skilled employee / official,1 year,4 years,Low,,0,0
1690613,28,male,divorced/separated,1,own,2,skilled employee / official,7 years,,Very high,,,0
1715169,61,male,divorced/separated,1,own,4,unskilled - resident,4 years,7 years,Very high,,,0
1755656,26,male,divorced/separated,1,own,2,management / self-employed / highly qualified employee / officer,7 years,,High,,,0
1771663,62,male,divorced/separated,1,own,4,skilled employee / official,1 year,4 years,High,,,0
1787792,49,male,divorced/separated,1,own,4,skilled employee / official,7 years,,Medium,2 lac,,0
1796503,33,male,divorced/separated,1,own,2,skilled employee / official,1 year,4 years,Low,,,0
1826763,49,male,divorced/separated,1,own,2,unskilled - resident,1 year,4 years,Low,,,0
1832835,49,male,divorced/separated,1,own,4,unskilled - resident,7 years,,,,0,0
1856693,37,male,divorced/separated,1,own,2,skilled employee / official,0 year,1 year,Medium,0,2 lac,0
1859102,60,male,divorced/separated,1,own,4,management / self-employed / highly qualified employee / officer,,0 year,,0,2 lac,0
1902571,33,male,divorced/separated,1,own,1,skilled employee / official,0 year,1 year,Low,2 lac,,0
1148952,29,male,divorced/separated,1,for free,1,skilled employee / official,1 year,4 years,Low,,0,1
1214474,33,male,divorced/separated,1,own,1,skilled employee / official,,0 year,Medium,,0,1
1303121,61,male,divorced/separated,1,rent,2,unskilled - resident,7 years,,Medium,0,2 lac,1
1310758,45,male,divorced/separated,1,own,4,management / self-employed / highly qualified employee / officer,7 years,,Low,,0,1
1324848,30,male,divorced/separated,1,own,2,management / self-employed / highly qualified employee / officer,1 year,4 years,Low,0,2 lac,1
1348796,55,male,divorced/separated,1,own,1,skilled employee / official,0 year,1 year,Low,,0,1
1351247,28,male,divorced/separated,1,own,1,skilled employee / official,0 year,1 year,Low,,,1
1366526,32,male,divorced/separated,1,own,3,skilled employee / official,0 year,1 year,Low,,0,1
1497135,44,male,divorced/separated,1,rent,4,management / self-employed / highly qualified employee / officer,1 year,4 years,Low,,0,1
1522384,34,male,divorced/separated,1,own,1,unskilled - resident,0 year,1 year,Low,,0,1
1554006,27,male,divorced/separated,1,own,4,skilled employee / official,0 year,1 year,Low,0,2 lac,1
1565522,46,male,divorced/separated,1,rent,1,skilled employee / official,7 years,,Low,0,2 lac,1
1602400,33,male,divorced/separated,1,rent,1,skilled employee / official,0 year,1 year,Low,2 lac,,1
1662684,36,male,divorced/separated,1,own,3,skilled employee / official,4 years,7 years,Low,,0,1
1687945,38,male,divorced/separated,1,own,2,skilled employee / official,1 year,4 years,,,,1
1709944,40,male,divorced/separated,1,own,3,management / self-employed / highly qualified employee / officer,7 years,,Low,0,2 lac,1
1714471,31,male,divorced/separated,1,own,4,unskilled - resident,0 year,1 year,Low,,0,1
1714860,43,male,divorced/separated,1,own,3,skilled employee / official,4 years,7 years,Low,0,2 lac,1
1775311,31,male,divorced/separated,1,own,4,skilled employee / official,7 years,,Low,0,2 lac,1
1796884,31,male,divorced/separated,1,rent,4,skilled employee / official,1 year,4 years,Low,,0,1
1106411,30,female,divorced/separated/married,1,own,1,skilled employee / official,0 year,1 year,High,0,2 lac,0
1106688,29,female,divorced/separated/married,1,own,2,unemployed / unskilled - non-resident,0 year,1 year,,0,2 lac,0
1106801,24,female,divorced/separated/married,1,rent,4,unskilled - resident,1 year,4 years,Medium,,,0
1109612,22,female,divorced/separated/married,1,own,4,unskilled - resident,1 year,4 years,Low,,0,0
1114695,34,female,divorced/separated/married,1,rent,1,management / self-employed / highly qualified employee / officer,0 year,1 year,Low,0,2 lac,0
1114818,67,female,divorced/separated/married,1,own,4,skilled employee / official,,0 year,Low,0,2 lac,0
1115975,29,female,divorced/separated/married,1,rent,4,skilled employee / official,7 years,,Very high,0,2 lac,0
1127273,25,female,divorced/separated/married,1,own,4,skilled employee / official,7 years,,Low,0,2 lac,0
1142707,34,female,divorced/separated/married,1,own,4,skilled employee / official,1 year,4 years,Low,,,0
1143985,52,female,divorced/separated/married,1,for free,4,management / self-employed / highly qualified employee / officer,7 years,,,,,0
1144294,36,female,divorced/separated/married,1,own,2,skilled employee / official,1 year,4 years,Low,2 lac,,0
1148187,23,female,divorced/separated/married,2,rent,3,unskilled - resident,0 year,1 year,Low,,,0
1154808,28,female,divorced/separated/married,1,rent,4,skilled employee / official,1 year,4 years,Low,,0,0
1156488,24,female,divorced/separated/married,1,own,2,skilled employee / official,4 years,7 years,,0,2 lac,0
1159806,25,female,divorced/separated/married,1,own,1,skilled employee / official,1 year,4 years,Low,,,0
1161027,26,female,divorced/separated/married,1,own,1,skilled employee / official,1 year,4 years,,0,2 lac,0
1163798,44,female,divorced/separated/married,2,for free,4,management / self-employed / highly qualified employee / officer,7 years,,Low,,0,0
1164275,23,female,divorced/separated/married,1,own,4,skilled employee / official,4 years,7 years,,,,0
1165234,36,female,divorced/separated/married,1,own,4,unskilled - resident,7 years,,Very high,,,0
1165411,33,female,divorced/separated/married,1,own,2,unskilled - resident,1 year,4 years,,0,2 lac,0
1169619,66,female,divorced/separated/married,1,own,3,unskilled - resident,1 year,4 years,High,0,2 lac,0
1171493,41,female,divorced/separated/married,1,rent,2,management / self-employed / highly qualified employee / officer,7 years,,Low,,,0
1175457,29,female,divorced/separated/married,1,own,2,management / self-employed / highly qualified employee / officer,1 year,4 years,Low,,,0
1175864,26,female,divorced/separated/married,1,rent,4,skilled employee / official,7 years,,,,0,0
1179715,57,female,divorced/separated/married,1,rent,4,skilled employee / official,7 years,,Very high,,0,0
1183811,25,female,divorced/separated/married,1,rent,4,skilled employee / official,4 years,7 years,Low,,,0
1193227,28,female,divorced/separated/married,1,own,2,skilled employee / official,1 year,4 years,Medium,,,0
1193436,26,female,divorced/separated/married,1,rent,4,unskilled - resident,4 years,7 years,Low,,0,0
1194650,57,female,divorced/separated/married,1,for free,4,unskilled - resident,7 years,,Low,,,0
1198484,21,female,divorced/separated/married,1,rent,2,skilled employee / official,0 year,1 year,,,,0
1199661,50,female,divorced/separated/married,1,own,4,unskilled - resident,1 year,4 years,Low,2 lac,,0
1206049,27,female,divorced/separated/married,1,rent,3,skilled employee / official,0 year,1 year,,,0,0
1210184,22,female,divorced/separated/married,1,rent,4,skilled employee / official,1 year,4 years,Low,,0,0
1213257,20,female,divorced/separated/married,1,rent,3,skilled employee / official,4 years,7 years,Very high,,,0
1215860,24,female,divorced/separated/married,1,rent,4,skilled employee / official,7 years,,Low,,0,0
1217305,23,female,divorced/separated/married,1,rent,2,skilled employee / official,4 years,7 years,Medium,0,2 lac,0
1221330,37,female,divorced/separated/married,2,own,1,skilled employee / official,4 years,7 years,Low,,,0
1231297,22,female,divorced/separated/married,1,own,1,skilled employee / official,1 year,4 years,Low,0,2 lac,0
1232944,38,female,divorced/separated/married,1,own,3,skilled employee / official,0 year,1 year,Low,,,0
1246068,26,female,divorced/separated/married,1,own,4,skilled employee / official,0 year,1 year,Low,2 lac,,0
1269924,27,female,divorced/separated/married,1,own,1,skilled employee / official,0 year,1 year,Low,,0,0
1282362,21,female,divorced/separated/married,1,own,2,skilled employee / official,1 year,4 years,,,,0
1282543,41,female,divorced/separated/married,1,rent,4,unskilled - resident,7 years,,,,,0
1296879,37,female,divorced/separated/married,1,own,4,skilled employee / official,1 year,4 years,Low,,,0
1300737,23,female,divorced/separated/married,1,own,4,skilled employee / official,4 years,7 years,Medium,,,0
1312718,33,female,divorced/separated/married,1,own,2,skilled employee / official,1 year,4 years,,,,0
1313483,54,female,divorced/separated/married,1,own,4,unemployed / unskilled - non-resident,,0 year,Low,,,0
1318823,23,female,divorced/separated/married,1,rent,4,unemployed / unskilled - non-resident,,0 year,High,0,2 lac,0
1332984,64,female,divorced/separated/married,1,own,4,skilled employee / official,1 year,4 years,Low,,,0
1343586,26,female,divorced/separated/married,1,rent,4,management / self-employed / highly qualified employee / officer,,0 year,,,,0
1344543,27,female,divorced/separated/married,1,own,1,skilled employee / official,0 year,1 year,Low,,0,0
1347859,26,female,divorced/separated/married,1,own,2,skilled employee / official,1 year,4 years,Low,,,0
1349046,28,female,divorced/separated/married,1,own,1,skilled employee / official,4 years,7 years,High,,,0
1349113,41,female,divorced/separated/married,1,own,2,unskilled - resident,1 year,4 years,Very high,,,0
1359864,37,female,divorced/separated/married,1,own,3,skilled employee / official,4 years,7 years,Low,,0,0
1373246,26,female,divorced/separated/married,1,rent,4,management / self-employed / highly qualified employee / officer,4 years,7 years,Low,,,0
1378093,24,female,divorced/separated/married,1,own,1,skilled employee / official,0 year,1 year,,,,0
1381249,75,female,divorced/separated/married,1,own,3,management / self-employed / highly qualified employee / officer,,0 year,,,0,0
1386565,33,female,divorced/separated/married,1,own,2,skilled employee / official,1 year,4 years,Low,,,0
1387053,39,female,divorced/separated/married,1,own,4,skilled employee / official,7 years,,Low,,0,0
1388041,67,female,divorced/separated/married,1,own,4,management / self-employed / highly qualified employee / officer,4 years,7 years,Low,0,2 lac,0
1391686,23,female,divorced/separated/married,1,rent,4,skilled employee / official,,0 year,Low,,0,0
1395153,23,female,divorced/separated/married,1,rent,2,unemployed / unskilled - non-resident,,0 year,High,,0,0
1396015,29,female,divorced/separated/married,1,own,1,management / self-employed / highly qualified employee / officer,0 year,1 year,Low,,,0
1397248,23,female,divorced/separated/married,1,own,4,skilled employee / official,0 year,1 year,Medium,,,0
1405233,35,female,divorced/separated/married,1,own,1,unskilled - resident,0 year,1 year,Low,,0,0
1420832,26,female,divorced/separated/married,1,own,1,skilled employee / official,1 year,4 years,Low,,,0
1420837,46,female,divorced/separated/married,1,rent,1,skilled employee / official,0 year,1 year,Low,,0,0
1425297,31,female,divorced/separated/married,1,rent,4,skilled employee / official,0 year,1 year,,,,0
1425802,40,female,divorced/separated/married,1,own,4,skilled employee / official,4 years,7 years,High,,,0
1428226,27,female,divorced/separated/married,1,own,2,skilled employee / official,4 years,7 years,Low,,,0
1432828,30,female,divorced/separated/married,1,own,1,management / self-employed / highly qualified employee / officer,0 year,1 year,Low,0,2 lac,0
1435055,40,female,divorced/separated/married,1,rent,4,skilled employee / official,4 years,7 years,Low,0,2 lac,0
1436351,54,female,divorced/separated/married,1,rent,2,skilled employee / official,1 year,4 years,Low,0,2 lac,0
1437216,20,female,divorced/separated/married,1,rent,4,skilled employee / official,0 year,1 year,,,,0
1438784,23,female,divorced/separated/married,1,own,2,management / self-employed / highly qualified employee / officer,7 years,,Low,2 lac,,0
1439887,28,female,divorced/separated/married,1,own,1,skilled employee / official,1 year,4 years,Low,0,2 lac,0
1449219,36,female,divorced/separated/married,1,own,3,skilled employee / official,1 year,4 years,Low,,,0
1460273,30,female,divorced/separated/married,1,own,1,skilled employee / official,0 year,1 year,Low,,,0
1461535,55,female,divorced/separated/married,1,for free,4,management / self-employed / highly qualified employee / officer,,0 year,Low,,0,0
1462065,23,female,divorced/separated/married,1,own,2,skilled employee / official,0 year,1 year,Low,2 lac,,0
1463336,30,female,divorced/separated/married,1,own,2,skilled employee / official,1 year,4 years,Low,,,0
1465874,20,female,divorced/separated/married,1,own,4,skilled employee / official,7 years,,Low,0,2 lac,0
1468750,28,female,divorced/separated/married,1,own,1,skilled employee / official,1 year,4 years,Low,,,0
1473941,43,female,divorced/separated/married,1,own,2,unskilled - resident,1 year,4 years,Low,,,0
1482554,56,female,divorced/separated/married,1,own,2,skilled employee / official,0 year,1 year,Low,,,0
1490831,25,female,divorced/separated/married,1,rent,3,skilled employee / official,1 year,4 years,Low,,0,0
1493373,52,female,divorced/separated/married,1,own,4,unskilled - resident,1 year,4 years,Medium,,,0
1501095,21,female,divorced/separated/married,1,own,4,skilled employee / official,4 years,7 years,Medium,,,0
1501276,33,female,divorced/separated/married,1,rent,4,unskilled - resident,4 years,7 years,,,,0
1505713,29,female,divorced/separated/married,1,own,2,skilled employee / official,0 year,1 year,Low,,,0
1506652,25,female,divorced/separated/married,1,own,4,skilled employee / official,7 years,,,0,2 lac,0
1511094,23,female,divorced/separated/married,1,rent,3,skilled employee / official,0 year,1 year,Low,,,0
1512766,62,female,divorced/separated/married,1,for free,4,skilled employee / official,7 years,,Low,,,0
1513000,22,female,divorced/separated/married,1,rent,1,skilled employee / official,0 year,1 year,Low,,0,0
1513777,57,female,divorced/separated/married,1,own,4,unskilled - resident,,0 year,Medium,,,0
1519801,27,female,divorced/separated/married,1,own,1,skilled employee / official,4 years,7 years,Low,0,2 lac,0
1523394,30,female,divorced/separated/married,1,own,3,skilled employee / official,1 year,4 years,Low,,0,0
1527645,48,female,divorced/separated/married,1,own,4,unskilled - resident,1 year,4 years,,0,2 lac,0
1527920,42,female,divorced/separated/married,1,own,4,skilled employee / official,7 years,,,0,2 lac,0
1529020,31,female,divorced/separated/married,1,own,2,management / self-employed / highly qualified employee / officer,4 years,7 years,High,,,0
1532989,34,female,divorced/separated/married,2,own,3,skilled employee / official,0 year,1 year,Low,,,0
1538199,26,female,divorced/separated/married,1,own,1,skilled employee / official,0 year,1 year,Low,,,0
1540012,46,female,divorced/separated/married,1,own,2,unskilled - resident,1 year,4 years,Low,2 lac,,0
1555430,23,female,divorced/separated/married,1,rent,2,skilled employee / official,1 year,4 years,,,0,0
1555553,64,female,divorced/separated/married,1,own,4,skilled employee / official,,0 year,Medium,,,0
1560648,25,female,divorced/separated/married,1,rent,4,skilled employee / official,4 years,7 years,,,,0
1561011,21,female,divorced/separated/married,1,rent,4,skilled employee / official,0 year,1 year,Low,,0,0
1563602,51,female,divorced/separated/married,1,own,3,skilled employee / official,4 years,7 years,Medium,,,0
1565903,44,female,divorced/separated/married,1,rent,2,unskilled - resident,1 year,4 years,Low,2 lac,,0
1572070,23,female,divorced/separated/married,1,own,1,unskilled - resident,1 year,4 years,Low,0,2 lac,0
1572898,24,female,divorced/separated/married,1,for free,4,skilled employee / official,0 year,1 year,Low,0,2 lac,0
1576577,27,female,divorced/separated/married,1,own,1,skilled employee / official,0 year,1 year,Low,0,2 lac,0
1577050,38,female,divorced/separated/married,1,own,2,skilled employee / official,7 years,,,,,0
1578419,40,female,divorced/separated/married,1,own,4,skilled employee / official,1 year,4 years,Very high,0,2 lac,0
1579121,55,female,divorced/separated/married,1,own,4,management / self-employed / highly qualified employee / officer,7 years,,,2 lac,,0
1579354,26,female,divorced/separated/married,2,own,4,unskilled - resident,1 year,4 years,Low,0,2 lac,0
1585697,55,female,divorced/separated/married,1,own,4,skilled employee / official,7 years,,Low,,0,0
1590235,29,female,divorced/separated/married,1,own,1,skilled employee / official,1 year,4 years,Low,,,0
1591456,35,female,divorced/separated/married,2,own,3,unskilled - resident,1 year,4 years,High,,,0
1599723,31,female,divorced/separated/married,1,own,2,skilled employee / official,1 year,4 years,Low,,,0
1604138,46,female,divorced/separated/married,1,own,2,unskilled - resident,0 year,1 year,Low,,,0
1605868,23,female,divorced/separated/married,1,rent,4,skilled employee / official,0 year,1 year,Low,,,0
1607876,35,female,divorced/separated/married,1,for free,4,skilled employee / official,7 years,,High,,,0
1609859,48,female,divorced/separated/married,1,rent,4,unskilled - resident,7 years,,Low,0,2 lac,0
1610826,61,female,divorced/separated/married,1,own,2,skilled employee / official,4 years,7 years,,,,0
1612355,42,female,divorced/separated/married,1,rent,4,skilled employee / official,1 year,4 years,,0,2 lac,0
1612911,65,female,divorced/separated/married,1,own,4,unemployed / unskilled - non-resident,,0 year,Low,,,0
1616296,58,female,divorced/separated/married,1,own,4,unskilled - resident,7 years,,Low,,0,0
1620879,28,female,divorced/separated/married,1,own,2,skilled employee / official,1 year,4 years,Low,,,0
1621669,24,female,divorced/separated/married,1,own,2,skilled employee / official,1 year,4 years,Low,,,0
1622064,23,female,divorced/separated/married,1,rent,4,skilled employee / official,1 year,4 years,,,0,0
1627071,35,female,divorced/separated/married,1,own,2,skilled employee / official,4 years,7 years,Very high,,,0
1631343,23,female,divorced/separated/married,1,own,1,skilled employee / official,1 year,4 years,Low,,0,0
1635930,27,female,divorced/separated/married,1,own,4,unskilled - resident,7 years,,Low,,0,0
1641291,35,female,divorced/separated/married,1,own,4,management / self-employed / highly qualified employee / officer,0 year,1 year,Low,,,0
1643428,28,female,divorced/separated/married,1,rent,4,skilled employee / official,1 year,4 years,Very high,,,0
1646485,24,female,divorced/separated/married,1,rent,2,skilled employee / official,4 years,7 years,Low,,,0
1648432,30,female,divorced/separated/married,1,own,2,skilled employee / official,4 years,7 years,Very high,,,0
1652800,44,female,divorced/separated/married,1,own,2,unskilled - resident,4 years,7 years,Low,0,2 lac,0
1655095,19,female,divorced/separated/married,1,rent,4,unskilled - resident,0 year,1 year,Very high,0,2 lac,0
1655690,29,female,divorced/separated/married,1,own,2,skilled employee / official,0 year,1 year,Very high,,0,0
1656838,38,female,divorced/separated/married,1,own,2,unemployed / unskilled - non-resident,,0 year,Low,,,0
1657898,47,female,divorced/separated/married,1,for free,2,skilled employee / official,7 years,,Medium,2 lac,,0
1660809,31,female,divorced/separated/married,1,own,4,skilled employee / official,4 years,7 years,Low,,0,0
1675569,22,female,divorced/separated/married,1,rent,4,unskilled - resident,0 year,1 year,Low,,,0
1680133,39,female,divorced/separated/married,1,own,3,unskilled - resident,4 years,7 years,,0,2 lac,0
1691986,59,female,divorced/separated/married,1,own,4,skilled employee / official,7 years,,,,,0
1698579,30,female,divorced/separated/married,1,own,2,skilled employee / official,0 year,1 year,,,0,0
1699886,20,female,divorced/separated/married,1,own,1,skilled employee / official,0 year,1 year,Very high,0,2 lac,0
1700009,27,female,divorced/separated/married,1,own,2,skilled employee / official,1 year,4 years,Low,,,0
1708009,25,female,divorced/separated/married,1,own,2,skilled employee / official,4 years,7 years,Low,,,0
1709277,42,female,divorced/separated/married,1,rent,3,skilled employee / official,1 year,4 years,Very high,2 lac,,0
1719636,23,female,divorced/separated/married,1,rent,4,skilled employee / official,0 year,1 year,Low,2 lac,,0
1724882,25,female,divorced/separated/married,1,own,4,skilled employee / official,1 year,4 years,,,,0
1727640,37,female,divorced/separated/married,1,own,4,skilled employee / official,7 years,,Very high,,,0
1730202,34,female,divorced/separated/married,2,own,3,skilled employee / official,4 years,7 years,Very high,,,0
1739359,24,female,divorced/separated/married,1,rent,2,unemployed / unskilled - non-resident,,0 year,,0,2 lac,0
1742101,23,female,divorced/separated/married,1,own,4,unskilled - resident,0 year,1 year,Low,0,2 lac,0
1743709,41,female,divorced/separated/married,1,own,1,unskilled - resident,4 years,7 years,Low,0,2 lac,0
1746834,23,female,divorced/separated/married,1,rent,4,unskilled - resident,4 years,7 years,Medium,0,2 lac,0
1750074,26,female,divorced/separated/married,1,own,4,skilled employee / official,0 year,1 year,Low,,,0
1753115,37,female,divorced/separated/married,1,rent,4,skilled employee / official,4 years,7 years,High,,,0
1755205,64,female,divorced/separated/married,1,own,3,skilled employee / official,1 year,4 years,Low,0,2 lac,0
1755306,35,female,divorced/separated/married,1,own,2,skilled employee / official,1 year,4 years,Low,,,0
1755345,22,female,divorced/separated/married,1,rent,4,skilled employee / official,0 year,1 year,Medium,,,0
1774355,25,female,divorced/separated/married,1,own,2,unskilled - resident,1 year,4 years,Medium,0,2 lac,0
1774498,23,female,divorced/separated/married,1,own,4,skilled employee / official,0 year,1 year,Low,,,0
1774767,26,female,divorced/separated/married,1,rent,2,skilled employee / official,1 year,4 years,Low,,,0
1774831,24,female,divorced/separated/married,1,rent,4,unskilled - resident,4 years,7 years,,,,0
1776853,45,female,divorced/separated/married,1,own,1,unskilled - resident,0 year,1 year,Low,2 lac,,0
1782237,57,female,divorced/separated/married,1,own,3,unskilled - resident,1 year,4 years,High,2 lac,,0
1782965,28,female,divorced/separated/married,1,own,1,management / self-employed / highly qualified employee / officer,1 year,4 years,Medium,2 lac,,0
1784512,28,female,divorced/separated/married,1,own,4,skilled employee / official,1 year,4 years,Low,,0,0
1787350,22,female,divorced/separated/married,1,rent,4,skilled employee / official,0 year,1 year,Low,,0,0
1794786,29,female,divorced/separated/married,1,own,4,skilled employee / official,1 year,4 years,Low,,0,0
1797961,27,female,divorced/separated/married,1,own,1,skilled employee / official,1 year,4 years,Medium,,,0
1802699,33,female,divorced/separated/married,1,own,4,skilled employee / official,1 year,4 years,Low,0,2 lac,0
1812017,39,female,divorced/separated/married,1,own,4,unskilled - resident,4 years,7 years,Very high,,0,0
1813841,43,female,divorced/separated/married,1,own,1,unskilled - resident,1 year,4 years,Very high,,,0
1815409,37,female,divorced/separated/married,1,own,4,skilled employee / official,7 years,,Low,0,2 lac,0
1830977,58,female,divorced/separated/married,1,own,3,unskilled - resident,4 years,7 years,Low,,0,0
1837579,49,female,divorced/separated/married,1,own,1,skilled employee / official,7 years,,Low,,0,0
1838488,49,female,divorced/separated/married,1,own,4,skilled employee / official,1 year,4 years,Low,0,2 lac,0
1843702,57,female,divorced/separated/married,1,rent,4,management / self-employed / highly qualified employee / officer,7 years,,Very high,,0,0
1845999,31,female,divorced/separated/married,1,own,3,skilled employee / official,1 year,4 years,Medium,,,0
1846282,32,female,divorced/separated/married,2,own,1,skilled employee / official,0 year,1 year,Low,0,2 lac,0
1847909,28,female,divorced/separated/married,1,rent,4,management / self-employed / highly qualified employee / officer,0 year,1 year,Low,,0,0
1853070,54,female,divorced/separated/married,1,rent,2,management / self-employed / highly qualified employee / officer,7 years,,Low,,,0
1854199,45,female,divorced/separated/married,1,own,1,skilled employee / official,0 year,1 year,Low,0,2 lac,0
1860196,26,female,divorced/separated/married,1,own,2,skilled employee / official,1 year,4 years,Low,,,0
1867602,24,female,divorced/separated/married,1,own,4,skilled employee / official,7 years,,Low,,0,0
1869013,27,female,divorced/separated/married,1,own,1,skilled employee / official,1 year,4 years,Low,,,0
1878718,45,female,divorced/separated/married,1,own,4,unskilled - resident,7 years,,,,,0
1880194,31,female,divorced/separated/married,1,own,4,unskilled - resident,4 years,7 years,Low,,,0
1883700,20,female,divorced/separated/married,1,rent,4,skilled employee / official,1 year,4 years,High,,,0
1888210,33,female,divorced/separated/married,1,own,1,management / self-employed / highly qualified employee / officer,0 year,1 year,Low,2 lac,,0
1888544,25,female,divorced/separated/married,1,own,1,skilled employee / official,4 years,7 years,Low,,0,0
1892811,29,female,divorced/separated/married,1,own,1,skilled employee / official,0 year,1 year,Low,2 lac,,0
1902302,24,female,divorced/separated/married,1,own,3,skilled employee / official,4 years,7 years,Low,,,0
1902547,40,female,divorced/separated/married,1,own,3,skilled employee / official,4 years,7 years,,,,0
1107910,29,female,divorced/separated/married,1,rent,4,unemployed / unskilled - non-resident,,0 year,Low,,0,1
1113231,22,female,divorced/separated/married,1,own,1,skilled employee / official,4 years,7 years,Low,,,1
1115087,29,female,divorced/separated/married,1,own,4,skilled employee / official,1 year,4 years,,,,1
1126090,53,female,divorced/separated/married,1,own,1,management / self-employed / highly qualified employee / officer,,0 year,,,,1
1133947,24,female,divorced/separated/married,1,own,2,unskilled - resident,1 year,4 years,Low,,0,1
1165835,23,female,divorced/separated/married,1,own,4,skilled employee / official,0 year,1 year,Low,,0,1
1176865,29,female,divorced/separated/married,1,own,2,skilled employee / official,1 year,4 years,Low,0,2 lac,1
1181133,32,female,divorced/separated/married,1,own,2,management / self-employed / highly qualified employee / officer,1 year,4 years,Low,0,2 lac,1
1183707,59,female,divorced/separated/married,1,rent,3,skilled employee / official,7 years,,Low,0,2 lac,1
1203873,22,female,divorced/separated/married,1,own,2,skilled employee / official,1 year,4 years,Low,0,2 lac,1
1211897,24,female,divorced/separated/married,1,own,4,skilled employee / official,1 year,4 years,Low,0,2 lac,1
1215207,21,female,divorced/separated/married,1,rent,3,skilled employee / official,1 year,4 years,Low,,,1
1225173,33,female,divorced/separated/married,1,rent,4,skilled employee / official,7 years,,Low,,0,1
1227016,23,female,divorced/separated/married,1,rent,4,skilled employee / official,4 years,7 years,Low,,0,1
1229152,30,female,divorced/separated/married,1,own,3,management / self-employed / highly qualified employee / officer,4 years,7 years,,,0,1
1246402,58,female,divorced/separated/married,1,for free,4,unskilled - resident,7 years,,Low,,0,1
1250076,44,female,divorced/separated/married,1,for free,2,management / self-employed / highly qualified employee / officer,7 years,,Low,0,2 lac,1
1250900,23,female,divorced/separated/married,1,rent,4,skilled employee / official,0 year,1 year,Low,,,1
1255291,29,female,divorced/separated/married,1,own,2,skilled employee / official,7 years,,,,0,1
1255808,29,female,divorced/separated/married,1,rent,2,unskilled - resident,0 year,1 year,Low,,0,1
1256236,30,female,divorced/separated/married,1,own,1,skilled employee / official,1 year,4 years,Low,0,2 lac,1
1264018,23,female,divorced/separated/married,1,rent,4,management / self-employed / highly qualified employee / officer,1 year,4 years,Low,0,2 lac,1
1268091,32,female,divorced/separated/married,1,own,4,skilled employee / official,0 year,1 year,Low,,,1
1274604,23,female,divorced/separated/married,1,rent,4,unskilled - resident,0 year,1 year,Low,,0,1
1276035,22,female,divorced/separated/married,1,rent,4,skilled employee / official,,0 year,Low,,,1
1278263,25,female,divorced/separated/married,1,own,2,management / self-employed / highly qualified employee / officer,1 year,4 years,Low,,0,1
1279502,33,female,divorced/separated/married,1,own,2,skilled employee / official,,0 year,Low,,0,1
1291883,25,female,divorced/separated/married,1,rent,4,skilled employee / official,1 year,4 years,,,0,1
1291905,33,female,divorced/separated/married,1,own,2,skilled employee / official,1 year,4 years,,0,2 lac,1
1297322,26,female,divorced/separated/married,1,own,2,management / self-employed / highly qualified employee / officer,,0 year,Low,,,1
1298469,24,female,divorced/separated/married,1,rent,4,skilled employee / official,1 year,4 years,Low,,0,1
1304536,26,female,divorced/separated/married,1,own,2,skilled employee / official,1 year,4 years,High,,,1
1312890,24,female,divorced/separated/married,1,own,2,skilled employee / official,1 year,4 years,Low,,0,1
1319710,25,female,divorced/separated/married,1,own,3,unskilled - resident,0 year,1 year,Low,2 lac,,1
1326318,35,female,divorced/separated/married,1,own,4,skilled employee / official,0 year,1 year,Low,,0,1
1331183,23,female,divorced/separated/married,1,rent,3,skilled employee / official,0 year,1 year,Low,,0,1
1337077,28,female,divorced/separated/married,1,rent,4,skilled employee / official,1 year,4 years,Medium,0,2 lac,1
1346719,35,female,divorced/separated/married,1,for free,4,skilled employee / official,7 years,,Low,,0,1
1355140,29,female,divorced/separated/married,1,own,2,skilled employee / official,1 year,4 years,Low,,0,1
1365814,28,female,divorced/separated/married,1,own,3,skilled employee / official,0 year,1 year,Medium,0,2 lac,1
1366939,26,female,divorced/separated/married,1,rent,1,unemployed / unskilled - non-resident,0 year,1 year,Low,0,2 lac,1
1388983,34,female,divorced/separated/married,1,own,2,management / self-employed / highly qualified employee / officer,,0 year,Low,0,2 lac,1
1391963,24,female,divorced/separated/married,1,rent,4,skilled employee / official,0 year,1 year,Low,,0,1
1392044,24,female,divorced/separated/married,1,own,2,management / self-employed / highly qualified employee / officer,0 year,1 year,Medium,0,2 lac,1
1399194,26,female,divorced/separated/married,1,rent,4,unskilled - resident,1 year,4 years,Medium,0,2 lac,1
1403127,32,female,divorced/separated/married,1,own,1,unskilled - resident,0 year,1 year,Medium,0,2 lac,1
1403464,44,female,divorced/separated/married,1,own,1,skilled employee / official,0 year,1 year,,,,1
1432788,25,female,divorced/separated/married,1,own,4,unskilled - resident,0 year,1 year,Low,0,2 lac,1
1448317,22,female,divorced/separated/married,1,own,3,skilled employee / official,,0 year,Medium,,0,1
1454649,30,female,divorced/separated/married,1,own,3,management / self-employed / highly qualified employee / officer,1 year,4 years,Low,0,2 lac,1
1458796,23,female,divorced/separated/married,1,own,2,unskilled - resident,0 year,1 year,Medium,0,2 lac,1
1463541,23,female,divorced/separated/married,1,rent,4,unskilled - resident,0 year,1 year,Low,,0,1
1464283,26,female,divorced/separated/married,1,rent,4,skilled employee / official,0 year,1 year,Low,,0,1
1500594,28,female,divorced/separated/married,1,own,2,management / self-employed / highly qualified employee / officer,1 year,4 years,Low,,,1
1503339,34,female,divorced/separated/married,1,for free,4,unskilled - resident,4 years,7 years,Low,0,2 lac,1
1504217,37,female,divorced/separated/married,1,own,1,unskilled - resident,0 year,1 year,Low,,0,1
1506336,25,female,divorced/separated/married,1,own,2,skilled employee / official,1 year,4 years,Low,,0,1
1511482,25,female,divorced/separated/married,1,own,4,unskilled - resident,0 year,1 year,Low,0,2 lac,1
1516902,25,female,divorced/separated/married,1,rent,3,skilled employee / official,0 year,1 year,Low,0,2 lac,1
1530567,38,female,divorced/separated/married,1,for free,4,management / self-employed / highly qualified employee / officer,,0 year,Low,0,2 lac,1
1543290,34,female,divorced/separated/married,1,own,3,management / self-employed / highly qualified employee / officer,7 years,,Low,0,2 lac,1
1548375,26,female,divorced/separated/married,1,own,1,unemployed / unskilled - non-resident,0 year,1 year,Low,2 lac,,1
1559877,26,female,divorced/separated/married,1,own,2,skilled employee / official,0 year,1 year,Low,0,2 lac,1
1564344,35,female,divorced/separated/married,1,own,2,skilled employee / official,1 year,4 years,,,0,1
1566194,53,female,divorced/separated/married,1,own,4,skilled employee / official,0 year,1 year,Low,,0,1
1566487,28,female,divorced/separated/married,1,own,2,unskilled - resident,1 year,4 years,Low,2 lac,,1
1566812,27,female,divorced/separated/married,1,own,1,skilled employee / official,0 year,1 year,Low,,0,1
1569484,39,female,divorced/separated/married,2,own,4,skilled employee / official,7 years,,Low,0,2 lac,1
1582743,24,female,divorced/separated/married,1,own,2,skilled employee / official,1 year,4 years,Low,0,2 lac,1
1601892,33,female,divorced/separated/married,2,own,3,unskilled - resident,7 years,,,,,1
1604148,34,female,divorced/separated/married,1,own,4,skilled employee / official,0 year,1 year,Low,,0,1
1612689,23,female,divorced/separated/married,1,own,2,unskilled - resident,0 year,1 year,Low,,0,1
1619368,24,female,divorced/separated/married,2,rent,2,skilled employee / official,0 year,1 year,Very high,0,2 lac,1
1621121,50,female,divorced/separated/married,1,for free,4,skilled employee / official,1 year,4 years,Medium,0,2 lac,1
1621486,32,female,divorced/separated/married,1,rent,4,skilled employee / official,4 years,7 years,,,0,1
1632577,37,female,divorced/separated/married,1,rent,4,skilled employee / official,4 years,7 years,Low,,0,1
1645519,74,female,divorced/separated/married,2,for free,4,management / self-employed / highly qualified employee / officer,7 years,,Low,0,2 lac,1
1648542,32,female,divorced/separated/married,1,own,2,unskilled - resident,1 year,4 years,Medium,,0,1
1651983,23,female,divorced/separated/married,1,own,4,skilled employee / official,1 year,4 years,High,,0,1
1658501,24,female,divorced/separated/married,1,rent,4,unskilled - resident,1 year,4 years,Medium,,,1
1663400,60,female,divorced/separated/married,1,for free,4,management / self-employed / highly qualified employee / officer,7 years,,Medium,0,2 lac,1
1667627,24,female,divorced/separated/married,1,own,4,unskilled - resident,1 year,4 years,Low,,0,1
1670066,20,female,divorced/separated/married,1,rent,4,skilled employee / official,1 year,4 years,Low,,0,1
1674059,24,female,divorced/separated/married,1,rent,2,skilled employee / official,1 year,4 years,,,0,1
1683052,25,female,divorced/separated/married,1,own,2,skilled employee / official,1 year,4 years,Low,,,1
1684799,27,female,divorced/separated/married,1,own,1,unemployed / unskilled - non-resident,,0 year,Low,,0,1
1695402,25,female,divorced/separated/married,1,rent,4,skilled employee / official,1 year,4 years,Low,,0,1
1703163,25,female,divorced/separated/married,1,own,2,skilled employee / official,7 years,,,0,2 lac,1
1704941,42,female,divorced/separated/married,1,own,1,skilled employee / official,1 year,4 years,Low,0,2 lac,1
1717438,27,female,divorced/separated/married,1,rent,3,skilled employee / official,0 year,1 year,,0,2 lac,1
1718184,22,female,divorced/separated/married,1,rent,4,skilled employee / official,0 year,1 year,Low,,0,1
1719964,25,female,divorced/separated/married,1,rent,1,skilled employee / official,0 year,1 year,Low,0,2 lac,1
1731499,23,female,divorced/separated/married,1,own,4,skilled employee / official,0 year,1 year,Low,,,1
1740610,28,female,divorced/separated/married,1,rent,4,skilled employee / official,0 year,1 year,High,0,2 lac,1
1744762,48,female,divorced/separated/married,2,for free,4,unskilled - resident,7 years,,Medium,2 lac,,1
1776816,29,female,divorced/separated/married,1,rent,4,unskilled - resident,1 year,4 years,High,,,1
1797093,22,female,divorced/separated/married,1,own,2,skilled employee / official,0 year,1 year,Low,0,2 lac,1
1808244,29,female,divorced/separated/married,1,own,2,skilled employee / official,1 year,4 years,Low,,0,1
1817813,55,female,divorced/separated/married,2,for free,4,unemployed / unskilled - non-resident,,0 year,Low,,0,1
1818043,24,female,divorced/separated/married,1,rent,4,skilled employee / official,0 year,1 year,Low,,0,1
1825343,20,female,divorced/separated/married,1,rent,4,unskilled - resident,1 year,4 years,Low,0,2 lac,1
1826580,21,female,divorced/separated/married,1,rent,4,skilled employee / official,1 year,4 years,Medium,0,2 lac,1
1841503,20,female,divorced/separated/married,1,rent,4,skilled employee / official,1 year,4 years,Low,,0,1
1849580,27,female,divorced/separated/married,1,rent,4,skilled employee / official,0 year,1 year,Medium,0,2 lac,1
1852152,23,female,divorced/separated/married,1,rent,4,skilled employee / official,4 years,7 years,Low,,0,1
1857539,31,female,divorced/separated/married,1,own,2,skilled employee / official,1 year,4 years,Low,,0,1
1862135,19,female,divorced/separated/married,1,rent,2,skilled employee / official,0 year,1 year,Low,,,1
1867397,42,female,divorced/separated/married,1,for free,4,management / self-employed / highly qualified employee / officer,7 years,,Low,0,2 lac,1
1893558,30,female,divorced/separated/married,1,own,2,skilled employee / official,1 year,4 years,Medium,,,1
1109861,26,male,married/widowed,1,own,2,skilled employee / official,0 year,1 year,Low,0,2 lac,0
1112826,26,male,married/widowed,1,own,3,skilled employee / official,4 years,7 years,Medium,,,0
1114473,26,male,married/widowed,1,rent,4,skilled employee / official,0 year,1 year,,,,0
1121764,28,male,married/widowed,1,own,4,skilled employee / official,1 year,4 years,,0,2 lac,0
1124574,27,male,married/widowed,1,own,2,unemployed / unskilled - non-resident,0 year,1 year,Very high,2 lac,,0
1168229,47,male,married/widowed,1,for free,3,skilled employee / official,0 year,1 year,Low,,,0
1169906,40,male,married/widowed,1,own,2,unskilled - resident,1 year,4 years,Low,,0,0
1170672,27,male,married/widowed,1,own,2,skilled employee / official,1 year,4 years,Low,,,0
1182073,25,male,married/widowed,1,rent,3,skilled employee / official,0 year,1 year,High,0,2 lac,0
1188964,47,male,married/widowed,1,own,2,unskilled - resident,1 year,4 years,High,,,0
1210748,30,male,married/widowed,1,rent,2,skilled employee / official,7 years,,Low,,,0
1223571,40,male,married/widowed,1,rent,2,skilled employee / official,1 year,4 years,,,,0
1225095,27,male,married/widowed,1,own,2,skilled employee / official,0 year,1 year,Low,,0,0
1226103,30,male,married/widowed,1,own,3,skilled employee / official,7 years,,Low,,0,0
1235848,40,male,married/widowed,1,own,3,unskilled - resident,7 years,,Low,0,2 lac,0
1237705,23,male,married/widowed,1,rent,4,unskilled - resident,4 years,7 years,,,0,0
1241112,24,male,married/widowed,1,own,2,skilled employee / official,1 year,4 years,High,,,0
1241781,22,male,married/widowed,1,rent,4,unskilled - resident,1 year,4 years,Low,0,2 lac,0
1258889,54,male,married/widowed,1,own,4,skilled employee / official,7 years,,,,,0
1280672,26,male,married/widowed,1,own,1,unskilled - resident,0 year,1 year,Low,0,2 lac,0
1300113,28,male,married/widowed,1,own,2,skilled employee / official,1 year,4 years,Low,,,0
1300764,24,male,married/widowed,1,own,1,skilled employee / official,1 year,4 years,Low,2 lac,,0
1318902,41,male,married/widowed,1,rent,4,unskilled - resident,7 years,,Medium,,,0
1324370,30,male,married/widowed,1,rent,3,management / self-employed / highly qualified employee / officer,0 year,1 year,Low,0,2 lac,0
1352279,23,male,married/widowed,1,rent,4,skilled employee / official,1 year,4 years,Low,2 lac,,0
1355404,29,male,married/widowed,1,rent,4,skilled employee / official,4 years,7 years,,,,0
1381317,24,male,married/widowed,1,rent,4,skilled employee / official,4 years,7 years,Medium,,0,0
1393314,39,male,married/widowed,1,own,4,skilled employee / official,0 year,1 year,Low,,,0
1405004,35,male,married/widowed,1,own,1,skilled employee / official,7 years,,High,,0,0
1406906,40,male,married/widowed,2,own,3,unemployed / unskilled - non-resident,,0 year,Low,0,2 lac,0
1414851,36,male,married/widowed,1,own,3,skilled employee / official,0 year,1 year,Very high,0,2 lac,0
1426103,28,male,married/widowed,1,own,2,skilled employee / official,1 year,4 years,Low,,,0
1457378,21,male,married/widowed,1,own,2,unskilled - resident,1 year,4 years,Low,,0,0
1462018,27,male,married/widowed,1,own,3,skilled employee / official,4 years,7 years,Medium,,,0
1476733,21,male,married/widowed,1,rent,2,skilled employee / official,1 year,4 years,Low,,,0
1487170,25,male,married/widowed,1,own,2,unskilled - resident,1 year,4 years,Low,0,2 lac,0
1492967,27,male,married/widowed,1,own,3,unskilled - resident,0 year,1 year,Low,,,0
1495594,33,male,married/widowed,1,own,2,skilled employee / official,4 years,7 years,Low,,,0
1505411,27,male,married/widowed,1,own,3,unskilled - resident,1 year,4 years,Low,,0,0
1532256,31,male,married/widowed,1,own,4,skilled employee / official,7 years,,Medium,0,2 lac,0
1548860,27,male,married/widowed,1,own,1,skilled employee / official,1 year,4 years,Low,0,2 lac,0
1566750,33,male,married/widowed,1,own,3,skilled employee / official,0 year,1 year,Medium,,,0
1578742,39,male,married/widowed,1,own,4,unskilled - resident,7 years,,Low,,,0
1581463,21,male,married/widowed,1,rent,3,skilled employee / official,1 year,4 years,Low,0,2 lac,0
1586174,33,male,married/widowed,1,own,3,skilled employee / official,1 year,4 years,Low,,,0
1587786,46,male,married/widowed,1,own,2,skilled employee / official,1 year,4 years,Low,,0,0
1590101,30,male,married/widowed,1,own,2,management / self-employed / highly qualified employee / officer,1 year,4 years,Low,,,0
1597948,20,male,married/widowed,1,rent,4,skilled employee / official,1 year,4 years,Low,0,2 lac,0
1603493,29,male,married/widowed,1,rent,2,skilled employee / official,4 years,7 years,Low,,,0
1659170,22,male,married/widowed,1,own,1,unskilled - resident,0 year,1 year,Low,0,2 lac,0
1662902,28,male,married/widowed,1,own,3,unskilled - resident,4 years,7 years,Low,0,2 lac,0
1670246,41,male,married/widowed,1,rent,4,skilled employee / official,1 year,4 years,Low,,,0
1680973,32,male,married/widowed,1,own,2,unskilled - resident,7 years,,Low,0,2 lac,0
1688183,26,male,married/widowed,1,own,2,skilled employee / official,1 year,4 years,Low,,,0
1691733,45,male,married/widowed,1,own,1,unskilled - resident,7 years,,Low,,0,0
1711334,34,male,married/widowed,1,own,3,skilled employee / official,,0 year,Low,,,0
1713111,26,male,married/widowed,1,own,3,unskilled - resident,0 year,1 year,Low,0,2 lac,0
1724003,22,male,married/widowed,1,own,1,skilled employee / official,1 year,4 years,Very high,0,2 lac,0
1732994,32,male,married/widowed,1,own,1,management / self-employed / highly qualified employee / officer,4 years,7 years,Low,,0,0
1752833,46,male,married/widowed,1,own,3,skilled employee / official,7 years,,Low,,,0
1754975,35,male,married/widowed,1,own,2,skilled employee / official,7 years,,High,0,2 lac,0
1775542,28,male,married/widowed,1,own,2,skilled employee / official,0 year,1 year,Low,,,0
1779410,23,male,married/widowed,1,rent,4,unskilled - resident,4 years,7 years,High,,,0
1792973,27,male,married/widowed,1,own,2,skilled employee / official,1 year,4 years,,0,2 lac,0
1838961,22,male,married/widowed,1,own,1,skilled employee / official,0 year,1 year,Low,0,2 lac,0
1847764,26,male,married/widowed,1,own,1,skilled employee / official,1 year,4 years,,,,0
1889303,27,male,married/widowed,1,own,2,skilled employee / official,1 year,4 years,,,,0
1142576,24,male,married/widowed,1,own,2,skilled employee / official,1 year,4 years,Medium,0,2 lac,1
1143716,28,male,married/widowed,1,own,2,skilled employee / official,4 years,7 years,High,2 lac,,1
1154530,33,male,married/widowed,1,own,2,skilled employee / official,1 year,4 years,Low,0,2 lac,1
1199639,34,male,married/widowed,1,own,1,skilled employee / official,4 years,7 years,Low,,0,1
1234944,23,male,married/widowed,1,rent,1,skilled employee / official,0 year,1 year,Low,0,2 lac,1
1277108,21,male,married/widowed,1,rent,4,skilled employee / official,4 years,7 years,Low,,0,1
1330120,28,male,married/widowed,1,own,2,skilled employee / official,1 year,4 years,Low,,,1
1340983,28,male,married/widowed,1,rent,4,management / self-employed / highly qualified employee / officer,0 year,1 year,Low,0,2 lac,1
1379318,48,male,married/widowed,1,own,4,skilled employee / official,0 year,1 year,Low,,0,1
1385836,33,male,married/widowed,1,own,3,unskilled - resident,0 year,1 year,Medium,,0,1
1409197,23,male,married/widowed,1,own,2,skilled employee / official,1 year,4 years,,,0,1
1441977,43,male,married/widowed,2,own,1,unskilled - resident,0 year,1 year,Low,,,1
1443537,28,male,married/widowed,1,own,2,management / self-employed / highly qualified employee / officer,,0 year,Low,0,2 lac,1
1460398,20,male,married/widowed,1,own,1,skilled employee / official,4 years,7 years,Medium,,0,1
1584896,22,male,married/widowed,1,rent,2,skilled employee / official,0 year,1 year,Medium,0,2 lac,1
1596230,33,male,married/widowed,1,rent,2,skilled employee / official,1 year,4 years,Low,,0,1
1618937,47,male,married/widowed,1,own,3,unskilled - resident,1 year,4 years,Low,,0,1
1662555,61,male,married/widowed,1,own,3,skilled employee / official,1 year,4 years,Very high,0,2 lac,1
1705740,25,male,married/widowed,1,rent,2,skilled employee / official,1 year,4 years,Medium,0,2 lac,1
1722991,28,male,married/widowed,1,own,2,management / self-employed / highly qualified employee / officer,,0 year,Low,0,2 lac,1
1738925,25,male,married/widowed,1,own,3,unskilled - resident,4 years,7 years,Low,0,2 lac,1
1766191,22,male,married/widowed,1,own,1,skilled employee / official,0 year,1 year,Low,0,2 lac,1
1833845,20,male,married/widowed,1,own,4,skilled employee / official,1 year,4 years,,,0,1
1834364,26,male,married/widowed,1,own,3,skilled employee / official,1 year,4 years,Low,,0,1
1879817,25,male,married/widowed,1,own,1,skilled employee / official,1 year,4 years,,0,2 lac,1
1105364,35,male,single,1,own,2,unskilled - resident,1 year,4 years,Very high,0,2 lac,0
1113703,31,male,single,1,own,2,unskilled - resident,1 year,4 years,Low,0,2 lac,0
1113782,39,male,single,1,own,4,unskilled - resident,4 years,7 years,Low,,0,0
1119602,65,male,single,1,own,4,unemployed / unskilled - non-resident,,0 year,Low,,0,0
1121429,46,male,single,1,own,4,skilled employee / official,7 years,,Low,,,0
1121978,45,male,single,1,own,2,management / self-employed / highly qualified employee / officer,7 years,,Medium,,,0
1124063,43,male,single,1,own,4,skilled employee / official,1 year,4 years,Low,,,0
1125378,34,male,single,1,own,2,management / self-employed / highly qualified employee / officer,,0 year,Low,0,2 lac,0
1127014,49,male,single,1,rent,4,skilled employee / official,7 years,,,,,0
1128002,32,male,single,2,own,4,skilled employee / official,1 year,4 years,,,,0
1129775,60,male,single,1,own,4,skilled employee / official,7 years,,Very high,,,0
1131444,49,male,single,1,own,4,unskilled - resident,4 years,7 years,,2 lac,,0
1134752,48,male,single,2,own,4,skilled employee / official,7 years,,,,,0
1138817,36,male,single,1,own,3,skilled employee / official,4 years,7 years,High,,,0
1138996,36,male,single,1,own,2,unskilled - resident,1 year,4 years,Low,,0,0
1140019,36,male,single,2,rent,2,skilled employee / official,1 year,4 years,Low,,0,0
1140091,39,male,single,1,own,4,skilled employee / official,4 years,7 years,,,0,0
1141822,49,male,single,1,own,4,skilled employee / official,7 years,,,,,0
1143908,27,male,single,1,for free,2,management / self-employed / highly qualified employee / officer,1 year,4 years,,0,2 lac,0
1149571,51,male,single,1,own,4,skilled employee / official,4 years,7 years,Low,0,2 lac,0
1152616,40,male,single,2,own,2,skilled employee / official,7 years,,,,,0
1153145,31,male,single,1,own,2,skilled employee / official,1 year,4 years,,2 lac,,0
1156764,65,male,single,1,own,4,skilled employee / official,7 years,,Low,,0,0
1157193,35,male,single,1,for free,4,skilled employee / official,1 year,4 years,Low,,,0
1163715,38,male,single,1,own,4,unskilled - resident,1 year,4 years,Low,,0,0
1165210,45,male,single,2,own,3,management / self-employed / highly qualified employee / officer,4 years,7 years,Low,,,0
1165396,30,male,single,1,own,3,skilled employee / official,0 year,1 year,Low,0,2 lac,0
1168468,30,male,single,1,for free,3,skilled employee / official,7 years,,Medium,0,2 lac,0
1168894,30,male,single,1,own,2,skilled employee / official,1 year,4 years,Low,,0,0
1173975,38,male,single,2,own,3,unskilled - resident,1 year,4 years,Low,,0,0
1174819,27,male,single,1,own,2,unskilled - resident,1 year,4 years,Low,,,0
1175107,29,male,single,1,own,3,skilled employee / official,1 year,4 years,,,,0
1178393,49,male,single,2,for free,4,skilled employee / official,7 years,,,,0,0
1179829,35,male,single,1,own,3,unskilled - resident,4 years,7 years,Low,,,0
1183266,27,male,single,1,own,3,unskilled - resident,0 year,1 year,Low,,,0
1184172,43,male,single,2,own,4,management / self-employed / highly qualified employee / officer,7 years,,Low,,0,0
1185509,38,male,single,1,own,2,management / self-employed / highly qualified employee / officer,7 years,,Very high,,,0
1185915,60,male,single,1,for free,4,skilled employee / official,7 years,,Low,,,0
1186232,47,male,single,2,own,3,unskilled - resident,4 years,7 years,Low,0,2 lac,0
1187072,36,male,single,2,own,4,skilled employee / official,7 years,,Medium,,,0
1193039,32,male,single,1,own,3,skilled employee / official,4 years,7 years,,,,0
1193245,53,male,single,1,own,4,skilled employee / official,7 years,,,,,0
1197388,24,male,single,1,own,3,unskilled - resident,1 year,4 years,Low,,0,0
1201646,26,male,single,2,rent,2,skilled employee / official,1 year,4 years,Medium,,,0
1207582,45,male,single,2,for free,4,skilled employee / official,4 years,7 years,Low,,0,0
1207751,65,male,single,1,own,4,skilled employee / official,7 years,,,,,0
1209193,29,male,single,1,own,3,skilled employee / official,4 years,7 years,Low,0,2 lac,0
1209302,50,male,single,1,own,4,skilled employee / official,4 years,7 years,Low,,,0
1212992,28,male,single,1,own,2,skilled employee / official,1 year,4 years,Very high,,0,0
1213250,27,male,single,1,own,1,skilled employee / official,4 years,7 years,Low,,,0
1213971,35,male,single,2,for free,4,unskilled - resident,1 year,4 years,,,,0
1215142,32,male,single,1,own,3,management / self-employed / highly qualified employee / officer,7 years,,High,,,0
1216844,30,male,single,1,own,4,management / self-employed / highly qualified employee / officer,4 years,7 years,,,0,0
1220273,20,male,single,1,rent,4,skilled employee / official,7 years,,,2 lac,,0
1221103,39,male,single,2,for free,4,management / self-employed / highly qualified employee / officer,4 years,7 years,Low,,0,0
1221118,31,male,single,1,own,3,management / self-employed / highly qualified employee / officer,,0 year,Low,,,0
1224220,42,male,single,2,own,4,skilled employee / official,7 years,,High,,,0
1225433,56,male,single,1,for free,4,skilled employee / official,7 years,,Low,2 lac,,0
1230532,46,male,single,2,own,4,management / self-employed / highly qualified employee / officer,1 year,4 years,,,,0
1230615,36,male,single,1,rent,4,management / self-employed / highly qualified employee / officer,4 years,7 years,Medium,0,2 lac,0
1232889,38,male,single,2,for free,4,management / self-employed / highly qualified employee / officer,7 years,,Low,,0,0
1233898,31,male,single,2,own,2,unskilled - resident,1 year,4 years,Low,,,0
1237459,26,male,single,1,rent,3,skilled employee / official,1 year,4 years,Low,,,0
1237671,41,male,single,1,own,1,skilled employee / official,7 years,,Low,0,2 lac,0
1237910,35,male,single,1,own,3,skilled employee / official,4 years,7 years,,0,2 lac,0
1238277,52,male,single,1,own,4,unskilled - resident,7 years,,Low,,0,0
1239641,37,male,single,2,rent,3,skilled employee / official,1 year,4 years,Low,,0,0
1241829,55,male,single,1,own,2,skilled employee / official,4 years,7 years,Very high,,,0
1243419,50,male,single,1,own,2,skilled employee / official,1 year,4 years,Low,,,0
1251047,32,male,single,1,rent,3,skilled employee / official,7 years,,High,,,0
1252248,38,male,single,1,own,4,skilled employee / official,7 years,,,0,2 lac,0
1253927,63,male,single,2,own,4,skilled employee / official,1 year,4 years,Low,,0,0
1258426,61,male,single,1,own,4,unskilled - resident,7 years,,Low,,,0
1262341,31,male,single,2,own,2,management / self-employed / highly qualified employee / officer,4 years,7 years,,,,0
1266769,26,male,single,1,own,3,skilled employee / official,4 years,7 years,Low,0,2 lac,0
1269451,32,male,single,1,own,2,skilled employee / official,1 year,4 years,Low,,,0
1272219,44,male,single,2,rent,3,skilled employee / official,1 year,4 years,High,,0,0
1273850,31,male,single,2,own,3,skilled employee / official,1 year,4 years,Very high,,0,0
1276723,40,male,single,2,rent,2,unskilled - resident,1 year,4 years,High,,,0
1277957,45,male,single,2,own,3,management / self-employed / highly qualified employee / officer,0 year,1 year,,,,0
1277992,37,male,single,1,own,1,management / self-employed / highly qualified employee / officer,4 years,7 years,High,,,0
1278346,24,male,single,1,rent,2,unskilled - resident,1 year,4 years,Low,,,0
1279507,40,male,single,2,own,4,unskilled - resident,0 year,1 year,Low,,0,0
1280180,32,male,single,1,own,2,skilled employee / official,1 year,4 years,High,,,0
1280201,52,male,single,1,own,4,skilled employee / official,1 year,4 years,Low,,,0
1280395,46,male,single,1,own,4,management / self-employed / highly qualified employee / officer,7 years,,,,,0
1282922,33,male,single,1,own,2,skilled employee / official,4 years,7 years,Low,,,0
1291798,30,male,single,1,own,2,skilled employee / official,1 year,4 years,Medium,0,2 lac,0
1292645,23,male,single,1,own,4,unskilled - resident,1 year,4 years,Low,0,2 lac,0
1295527,40,male,single,2,rent,4,skilled employee / official,0 year,1 year,,,,0
1305749,39,male,single,1,own,4,unskilled - resident,4 years,7 years,Medium,0,2 lac,0
1308726,68,male,single,1,for free,3,unemployed / unskilled - non-resident,,0 year,Low,0,2 lac,0
1312020,33,male,single,1,own,4,skilled employee / official,7 years,,Low,,,0
1313830,28,male,single,1,own,2,unskilled - resident,1 year,4 years,Low,,,0
1314021,63,male,single,1,own,4,skilled employee / official,7 years,,,,,0
1321123,48,male,single,2,own,4,skilled employee / official,7 years,,Medium,,0,0
1321430,25,male,single,1,own,2,skilled employee / official,0 year,1 year,,,,0
1321826,44,male,single,2,own,3,unskilled - resident,0 year,1 year,,,0,0
1323966,28,male,single,1,rent,3,unskilled - resident,4 years,7 years,Low,0,2 lac,0
1324304,44,male,single,2,own,2,skilled employee / official,1 year,4 years,High,,,0
1324619,37,male,single,1,own,2,skilled employee / official,7 years,,,,,0
1325035,28,male,single,1,rent,4,skilled employee / official,7 years,,Low,0,2 lac,0
1325093,50,male,single,1,own,4,skilled employee / official,1 year,4 years,Very high,,,0
1327436,29,male,single,1,own,3,skilled employee / official,1 year,4 years,Low,0,2 lac,0
1333603,34,male,single,1,own,1,skilled employee / official,4 years,7 years,Low,,,0
1336695,25,male,single,1,own,2,skilled employee / official,1 year,4 years,Low,,0,0
1337177,35,male,single,1,own,1,management / self-employed / highly qualified employee / officer,,0 year,Low,0,2 lac,0
1344883,36,male,single,1,own,1,management / self-employed / highly qualified employee / officer,7 years,,Low,,,0
1347244,45,male,single,1,own,2,unskilled - resident,7 years,,,,,0
1352424,27,male,single,1,own,2,skilled employee / official,1 year,4 years,Low,,0,0
1354034,37,male,single,2,own,1,unskilled - resident,0 year,1 year,,,,0
1355440,35,male,single,1,rent,2,unskilled - resident,1 year,4 years,Medium,,,0
1355517,30,male,single,1,own,2,unskilled - resident,4 years,7 years,Low,,,0
1358802,34,male,single,1,own,3,management / self-employed / highly qualified employee / officer,4 years,7 years,Medium,,,0
1360939,50,male,single,1,for free,1,management / self-employed / highly qualified employee / officer,4 years,7 years,Low,,0,0
1365267,34,male,single,2,own,4,unskilled - resident,7 years,,Medium,,,0
1365958,33,male,single,1,own,1,skilled employee / official,0 year,1 year,Low,,,0
1368120,56,male,single,1,own,4,skilled employee / official,7 years,,Low,,,0
1372040,41,male,single,2,own,4,management / self-employed / highly qualified employee / officer,7 years,,,,,0
1374670,32,male,single,2,own,2,unskilled - resident,0 year,1 year,Very high,,,0
1377901,36,male,single,1,own,4,skilled employee / official,4 years,7 years,Low,,,0
1378210,49,male,single,2,own,3,unskilled - resident,0 year,1 year,Low,0,2 lac,0
1381175,24,male,single,1,own,2,skilled employee / official,1 year,4 years,Low,,,0
1388888,30,male,single,1,own,2,skilled employee / official,1 year,4 years,,0,2 lac,0
1395426,32,male,single,1,own,2,skilled employee / official,4 years,7 years,Very high,0,2 lac,0
1396513,36,male,single,1,own,4,skilled employee / official,7 years,,,0,2 lac,0
1397184,75,male,single,1,for free,4,management / self-employed / highly qualified employee / officer,,0 year,Low,,0,0
1401525,34,male,single,2,own,2,skilled employee / official,1 year,4 years,Very high,0,2 lac,0
1402031,42,male,single,2,for free,4,skilled employee / official,7 years,,Low,,0,0
1403185,54,male,single,1,own,3,skilled employee / official,7 years,,Low,,0,0
1403203,42,male,single,2,for free,4,skilled employee / official,7 years,,Medium,,,0
1411456,30,male,single,1,own,2,skilled employee / official,4 years,7 years,Medium,0,2 lac,0
1412269,29,male,single,1,own,2,skilled employee / official,7 years,,Low,,,0
1412577,28,male,single,1,own,2,skilled employee / official,4 years,7 years,Low,,,0
1412879,35,male,single,2,own,4,unskilled - resident,1 year,4 years,Medium,,0,0
1424965,33,male,single,1,own,1,management / self-employed / highly qualified employee / officer,7 years,,Low,0,2 lac,0
1428429,48,male,single,1,own,4,skilled employee / official,1 year,4 years,Low,,,0
1428822,53,male,single,1,own,4,skilled employee / official,7 years,,High,,,0
1429938,39,male,single,2,own,3,skilled employee / official,7 years,,Low,,0,0
1430426,40,male,single,1,rent,4,management / self-employed / highly qualified employee / officer,7 years,,Low,2 lac,,0
1432750,27,male,single,1,own,4,unskilled - resident,7 years,,Low,0,2 lac,0
1432761,49,male,single,2,own,3,unskilled - resident,4 years,7 years,Low,,,0
1436931,54,male,single,1,own,1,skilled employee / official,0 year,1 year,,,,0
1437656,43,male,single,2,own,4,skilled employee / official,4 years,7 years,,,,0
1438110,32,male,single,2,own,1,skilled employee / official,4 years,7 years,Low,,,0
1439117,26,male,single,1,rent,4,skilled employee / official,4 years,7 years,Low,2 lac,,0
1441925,31,male,single,2,own,3,unskilled - resident,4 years,7 years,Medium,0,2 lac,0
1442483,26,male,single,2,own,3,skilled employee / official,4 years,7 years,Low,,0,0
1443666,37,male,single,1,own,2,skilled employee / official,1 year,4 years,Low,2 lac,,0
1443796,23,male,single,1,own,1,skilled employee / official,0 year,1 year,,0,2 lac,0
1444099,25,male,single,1,own,1,skilled employee / official,4 years,7 years,Low,,,0
1444375,35,male,single,1,own,2,unskilled - resident,1 year,4 years,Low,,,0
1446865,26,male,single,1,own,2,unskilled - resident,1 year,4 years,Medium,,,0
1447929,21,male,single,1,own,1,unskilled - resident,1 year,4 years,Low,,0,0
1448066,50,male,single,1,own,2,skilled employee / official,7 years,,Low,,,0
1448565,38,male,single,1,own,4,skilled employee / official,1 year,4 years,Low,,,0
1450465,35,male,single,1,own,2,skilled employee / official,4 years,7 years,,0,2 lac,0
1451745,30,male,single,1,own,2,management / self-employed / highly qualified employee / officer,1 year,4 years,,,,0
1461545,35,male,single,1,own,2,skilled employee / official,1 year,4 years,Low,0,2 lac,0
1462188,32,male,single,1,rent,3,skilled employee / official,4 years,7 years,Medium,0,2 lac,0
1465475,38,male,single,1,own,3,management / self-employed / highly qualified employee / officer,4 years,7 years,Low,,,0
1466670,36,male,single,2,rent,2,skilled employee / official,1 year,4 years,Low,,0,0
1466716,24,male,single,1,rent,4,skilled employee / official,4 years,7 years,Low,0,2 lac,0
1466824,27,male,single,1,own,4,skilled employee / official,1 year,4 years,High,0,2 lac,0
1469590,67,male,single,1,own,4,skilled employee / official,7 years,,,,0,0
1471101,36,male,single,1,own,4,skilled employee / official,1 year,4 years,,,,0
1474361,22,male,single,1,own,4,skilled employee / official,1 year,4 years,High,,0,0
1476817,48,male,single,1,own,2,management / self-employed / highly qualified employee / officer,1 year,4 years,,0,2 lac,0
1483329,27,male,single,1,own,2,management / self-employed / highly qualified employee / officer,,0 year,Low,,,0
1484251,30,male,single,1,own,1,skilled employee / official,1 year,4 years,Low,,,0
1486366,32,male,single,1,own,2,skilled employee / official,0 year,1 year,Low,,,0
1491485,44,male,single,2,own,4,unskilled - resident,1 year,4 years,Low,0,2 lac,0
1492566,34,male,single,1,for free,1,management / self-employed / highly qualified employee / officer,4 years,7 years,Low,,0,0
1502325,31,male,single,1,own,1,skilled employee / official,1 year,4 years,,,,0
1504772,32,male,single,1,own,2,skilled employee / official,4 years,7 years,Low,0,2 lac,0
1507864,28,male,single,1,own,4,skilled employee / official,1 year,4 years,Low,,0,0
1508823,34,male,single,1,own,2,skilled employee / official,1 year,4 years,Low,0,2 lac,0
1509620,33,male,single,1,own,4,skilled employee / official,7 years,,Low,,,0
1513715,54,male,single,2,for free,4,skilled employee / official,7 years,,Low,,,0
1514997,50,male,single,1,rent,4,skilled employee / official,1 year,4 years,High,,,0
1515084,39,male,single,1,own,4,management / self-employed / highly qualified employee / officer,7 years,,Low,,,0
1515190,51,male,single,1,for free,4,unskilled - resident,7 years,,High,,,0
1516876,37,male,single,1,for free,4,skilled employee / official,1 year,4 years,,,,0
1516910,32,male,single,2,own,4,unskilled - resident,7 years,,Low,,,0
1518424,39,male,single,2,rent,2,unskilled - resident,1 year,4 years,Low,,0,0
1529209,38,male,single,2,for free,4,skilled employee / official,1 year,4 years,,0,2 lac,0
1529476,51,male,single,1,own,2,skilled employee / official,7 years,,,,,0
1533746,35,male,single,1,rent,1,skilled employee / official,1 year,4 years,Medium,,,0
1534316,74,male,single,1,own,4,unskilled - resident,4 years,7 years,Low,,,0
1534783,52,male,single,1,own,4,skilled employee / official,7 years,,High,,0,0
1536162,41,male,single,1,own,3,skilled employee / official,7 years,,,,,0
1537731,63,male,single,1,own,4,unskilled - resident,7 years,,Low,,,0
1538125,24,male,single,1,own,1,skilled employee / official,1 year,4 years,Low,2 lac,,0
1538187,40,male,single,1,for free,4,unemployed / unskilled - non-resident,,0 year,,0,2 lac,0
1540515,23,male,single,1,own,4,skilled employee / official,0 year,1 year,Low,0,2 lac,0
1541522,36,male,single,1,for free,4,skilled employee / official,7 years,,,,,0
1542760,44,male,single,1,for free,4,skilled employee / official,7 years,,Low,,,0
1545574,34,male,single,1,own,2,unskilled - resident,1 year,4 years,Medium,,,0
1545916,41,male,single,2,own,4,unskilled - resident,0 year,1 year,Low,,0,0
1546272,42,male,single,1,for free,4,skilled employee / official,7 years,,,,,0
1546660,29,male,single,2,own,2,unskilled - resident,0 year,1 year,,2 lac,,0
1552102,40,male,single,1,own,4,skilled employee / official,7 years,,High,,,0
1552427,36,male,single,1,for free,4,management / self-employed / highly qualified employee / officer,7 years,,Low,,0,0
1554792,31,male,single,1,own,2,skilled employee / official,4 years,7 years,Medium,,,0
1562605,36,male,single,1,own,3,skilled employee / official,4 years,7 years,,,,0
1564360,27,male,single,1,own,2,skilled employee / official,1 year,4 years,Low,,,0
1570047,50,male,single,1,own,4,skilled employee / official,7 years,,,0,2 lac,0
1570458,42,male,single,2,own,1,unskilled - resident,4 years,7 years,Low,,,0
1570732,36,male,single,1,own,4,skilled employee / official,7 years,,Low,0,2 lac,0
1570934,42,male,single,1,own,2,skilled employee / official,7 years,,,0,2 lac,0
1574283,24,male,single,1,own,3,skilled employee / official,1 year,4 years,Low,0,2 lac,0
1584434,37,male,single,1,own,4,unskilled - resident,7 years,,Low,0,2 lac,0
1586696,33,male,single,2,own,2,skilled employee / official,1 year,4 years,,,,0
1586917,34,male,single,1,own,2,skilled employee / official,7 years,,Very high,,,0
1591192,32,male,single,1,for free,2,management / self-employed / highly qualified employee / officer,1 year,4 years,Low,,,0
1591350,59,male,single,1,own,4,skilled employee / official,4 years,7 years,Low,,0,0
1591747,51,male,single,2,for free,4,management / self-employed / highly qualified employee / officer,7 years,,Low,,0,0
1593121,30,male,single,1,own,2,skilled employee / official,1 year,4 years,Low,,,0
1597065,42,male,single,1,own,4,skilled employee / official,7 years,,Low,,,0
1597354,41,male,single,1,own,2,skilled employee / official,1 year,4 years,Low,2 lac,,0
1600427,49,male,single,1,own,3,skilled employee / official,4 years,7 years,Low,,0,0
1601024,28,male,single,1,own,1,unskilled - resident,0 year,1 year,Low,,0,0
1601048,30,male,single,1,for free,4,skilled employee / official,7 years,,Medium,0,2 lac,0
1601894,27,male,single,1,own,2,skilled employee / official,1 year,4 years,Very high,,,0
1607360,38,male,single,1,own,2,skilled employee / official,4 years,7 years,Low,,,0
1607767,27,male,single,1,own,2,skilled employee / official,1 year,4 years,Very high,,,0
1608183,37,male,single,2,own,1,unskilled - resident,0 year,1 year,Low,2 lac,,0
1609255,63,male,single,1,own,4,skilled employee / official,7 years,,Low,,0,0
1609685,30,male,single,1,own,3,management / self-employed / highly qualified employee / officer,,0 year,Low,,0,0
1610382,34,male,single,1,own,4,skilled employee / official,7 years,,Low,,,0
1611295,40,male,single,1,own,3,skilled employee / official,4 years,7 years,Low,,,0
1611614,35,male,single,1,own,4,management / self-employed / highly qualified employee / officer,7 years,,Low,,,0
1615010,50,male,single,1,own,3,skilled employee / official,7 years,,,,,0
1616625,31,male,single,2,own,2,skilled employee / official,7 years,,High,,,0
1617889,36,male,single,2,rent,4,management / self-employed / highly qualified employee / officer,4 years,7 years,,0,2 lac,0
1620525,32,male,single,2,own,2,skilled employee / official,1 year,4 years,Medium,,,0
1623240,43,male,single,2,own,4,skilled employee / official,7 years,,,0,2 lac,0
1624943,28,male,single,1,own,2,skilled employee / official,7 years,,Low,,,0
1625627,31,male,single,1,own,2,skilled employee / official,1 year,4 years,Low,,,0
1626519,29,male,single,1,own,1,skilled employee / official,0 year,1 year,Medium,0,2 lac,0
1627604,52,male,single,1,own,4,skilled employee / official,7 years,,Low,,,0
1628583,70,male,single,1,for free,4,management / self-employed / highly qualified employee / officer,,0 year,Low,0,2 lac,0
1629275,41,male,single,1,own,2,skilled employee / official,7 years,,Medium,0,2 lac,0
1629759,24,male,single,1,own,1,unskilled - resident,0 year,1 year,Low,,0,0
1630681,45,male,single,2,for free,4,skilled employee / official,7 years,,,,,0
1631439,35,male,single,1,own,4,skilled employee / official,7 years,,,,,0
1632379,38,male,single,2,own,1,unskilled - resident,7 years,,Low,,,0
1633096,29,male,single,1,for free,2,management / self-employed / highly qualified employee / officer,,0 year,Low,,0,0
1636229,29,male,single,2,own,2,unskilled - resident,1 year,4 years,Low,,0,0
1637827,43,male,single,2,own,4,unskilled - resident,1 year,4 years,Low,,,0
1640552,21,male,single,1,own,4,skilled employee / official,4 years,7 years,Low,,,0
1640580,44,male,single,2,own,4,skilled employee / official,7 years,,Low,,0,0
1641977,66,male,single,1,for free,4,management / self-employed / highly qualified employee / officer,7 years,,Low,,0,0
1643578,24,male,single,1,own,4,skilled employee / official,1 year,4 years,High,,,0
1646022,47,male,single,1,own,3,skilled employee / official,7 years,,High,,,0
1647128,36,male,single,1,own,4,skilled employee / official,7 years,,,,,0
1649933,27,male,single,1,own,2,skilled employee / official,4 years,7 years,,2 lac,,0
1650945,25,male,single,1,own,2,skilled employee / official,7 years,,,,,0
1654707,22,male,single,1,for free,4,skilled employee / official,,0 year,Low,,0,0
1655259,40,male,single,2,own,2,unskilled - resident,1 year,4 years,Low,,0,0
1656238,27,male,single,1,own,1,unskilled - resident,1 year,4 years,,0,2 lac,0
1657309,20,male,single,1,own,4,skilled employee / official,7 years,,Low,,,0
1659113,26,male,single,1,own,2,skilled employee / official,1 year,4 years,Low,2 lac,,0
1660328,34,male,single,2,own,2,unskilled - resident,1 year,4 years,,,,0
1660770,27,male,single,1,own,4,skilled employee / official,,0 year,Medium,0,2 lac,0
1660853,30,male,single,2,own,3,management / self-employed / highly qualified employee / officer,4 years,7 years,Medium,,0,0
1661563,35,male,single,1,own,2,management / self-employed / highly qualified employee / officer,4 years,7 years,Low,,,0
1662345,34,male,single,2,for free,4,skilled employee / official,1 year,4 years,,,,0
1662480,22,male,single,1,own,2,skilled employee / official,1 year,4 years,Medium,0,2 lac,0
1662647,26,male,single,1,own,4,skilled employee / official,4 years,7 years,Low,,,0
1666376,32,male,single,2,own,1,skilled employee / official,4 years,7 years,Low,0,2 lac,0
1666563,44,male,single,1,own,4,skilled employee / official,0 year,1 year,Medium,0,2 lac,0
1668971,22,male,single,1,own,4,skilled employee / official,1 year,4 years,High,,0,0
1671068,64,male,single,1,rent,4,unskilled - resident,7 years,,Low,,0,0
1671701,31,male,single,1,own,1,skilled employee / official,4 years,7 years,Low,,0,0
1672101,43,male,single,1,own,2,skilled employee / official,7 years,,Medium,,0,0
1674114,31,male,single,1,for free,3,skilled employee / official,1 year,4 years,Low,,,0
1679090,64,male,single,1,own,4,unskilled - resident,7 years,,,,,0
1680095,38,male,single,1,own,3,skilled employee / official,4 years,7 years,Medium,0,2 lac,0
1680877,37,male,single,1,own,3,skilled employee / official,4 years,7 years,,,,0
1682758,27,male,single,1,own,2,management / self-employed / highly qualified employee / officer,1 year,4 years,Low,,0,0
1685016,24,male,single,1,own,1,skilled employee / official,4 years,7 years,,0,2 lac,0
1687239,66,male,single,1,for free,4,unemployed / unskilled - non-resident,,0 year,High,2 lac,,0
1691240,39,male,single,2,own,2,unskilled - resident,1 year,4 years,,,,0
1695246,25,male,single,1,own,4,unskilled - resident,1 year,4 years,Low,,0,0
1697111,43,male,single,2,own,2,unskilled - resident,1 year,4 years,Low,,0,0
1697859,39,male,single,1,own,4,unskilled - resident,1 year,4 years,Low,,,0
1698484,23,male,single,1,own,2,skilled employee / official,1 year,4 years,Low,2 lac,,0
1700305,36,male,single,1,own,4,management / self-employed / highly qualified employee / officer,7 years,,Low,,,0
1703409,63,male,single,1,for free,4,management / self-employed / highly qualified employee / officer,7 years,,,,,0
1705627,31,male,single,2,rent,2,management / self-employed / highly qualified employee / officer,4 years,7 years,Low,,,0
1705739,35,male,single,1,rent,2,management / self-employed / highly qualified employee / officer,1 year,4 years,Low,0,2 lac,0
1707666,47,male,single,2,own,4,skilled employee / official,7 years,,Low,,,0
1708241,58,male,single,1,own,4,skilled employee / official,7 years,,,,,0
1710864,45,male,single,2,own,2,skilled employee / official,7 years,,Low,,,0
1713632,54,male,single,1,own,4,skilled employee / official,7 years,,Very high,0,2 lac,0
1714483,47,male,single,2,own,4,skilled employee / official,7 years,,Low,,,0
1714829,36,male,single,1,for free,4,management / self-employed / highly qualified employee / officer,,0 year,Low,,0,0
1716706,39,male,single,1,own,4,skilled employee / official,7 years,,High,,,0
1719894,26,male,single,1,own,1,skilled employee / official,0 year,1 year,Low,0,2 lac,0
1720597,35,male,single,1,own,1,skilled employee / official,4 years,7 years,Medium,,,0
1724729,25,male,single,1,own,2,skilled employee / official,4 years,7 years,Low,2 lac,,0
1729265,43,male,single,1,own,4,skilled employee / official,7 years,,Low,,,0
1730881,52,male,single,1,own,4,skilled employee / official,7 years,,Medium,,,0
1734823,36,male,single,1,own,4,skilled employee / official,7 years,,High,,,0
1736925,38,male,single,1,own,4,unskilled - resident,7 years,,Low,0,2 lac,0
1738676,37,male,single,1,own,2,management / self-employed / highly qualified employee / officer,1 year,4 years,,0,2 lac,0
1740408,25,male,single,1,own,3,skilled employee / official,0 year,1 year,,,0,0
1747933,27,male,single,1,own,3,skilled employee / official,4 years,7 years,Low,0,2 lac,0
1750981,61,male,single,1,for free,4,skilled employee / official,1 year,4 years,,0,2 lac,0
1754537,46,male,single,1,for free,4,skilled employee / official,7 years,,High,,,0
1754897,41,male,single,2,own,1,skilled employee / official,4 years,7 years,,0,2 lac,0
1755105,29,male,single,1,rent,4,management / self-employed / highly qualified employee / officer,1 year,4 years,Medium,,,0
1758046,38,male,single,1,own,4,skilled employee / official,7 years,,Low,,,0
1759209,28,male,single,1,for free,2,skilled employee / official,1 year,4 years,Low,,,0
1761078,31,male,single,1,for free,4,management / self-employed / highly qualified employee / officer,,0 year,Medium,0,2 lac,0
1761229,30,male,single,1,own,2,skilled employee / official,1 year,4 years,Low,,,0
1764281,27,male,single,1,own,2,skilled employee / official,1 year,4 years,Low,,0,0
1764381,35,male,single,1,own,3,skilled employee / official,4 years,7 years,Low,,,0
1764990,74,male,single,1,own,2,management / self-employed / highly qualified employee / officer,1 year,4 years,Low,,,0
1766084,51,male,single,2,own,2,skilled employee / official,4 years,7 years,Low,,,0
1768642,38,male,single,2,own,3,skilled employee / official,7 years,,,,,0
1769868,23,male,single,1,rent,4,skilled employee / official,7 years,,Very high,,,0
1770099,25,male,single,1,own,1,skilled employee / official,1 year,4 years,Medium,,,0
1771270,30,male,single,1,own,2,management / self-employed / highly qualified employee / officer,7 years,,Low,0,2 lac,0
1771414,48,male,single,2,rent,3,unskilled - resident,0 year,1 year,Low,,0,0
1771489,42,male,single,1,own,4,management / self-employed / highly qualified employee / officer,7 years,,Low,,,0
1773509,29,male,single,1,own,2,skilled employee / official,1 year,4 years,,,,0
1773539,38,male,single,1,own,4,skilled employee / official,7 years,,,0,2 lac,0
1774377,35,male,single,2,own,2,skilled employee / official,7 years,,Low,,,0
1774959,27,male,single,1,own,1,skilled employee / official,0 year,1 year,Medium,0,2 lac,0
1777177,32,male,single,2,own,3,skilled employee / official,7 years,,,,,0
1777992,46,male,single,2,own,4,skilled employee / official,7 years,,Low,2 lac,,0
1781381,52,male,single,1,own,2,skilled employee / official,7 years,,High,,,0
1782832,33,male,single,1,own,2,skilled employee / official,0 year,1 year,Low,0,2 lac,0
1785162,43,male,single,1,own,4,skilled employee / official,4 years,7 years,,,,0
1785759,22,male,single,1,for free,1,skilled employee / official,0 year,1 year,Low,,0,0
1787696,46,male,single,1,own,3,skilled employee / official,1 year,4 years,Very high,,,0
1789670,37,male,single,2,own,2,unskilled - resident,1 year,4 years,Low,0,2 lac,0
1792340,36,male,single,2,own,4,management / self-employed / highly qualified employee / officer,,0 year,,,,0
1794199,36,male,single,1,own,3,skilled employee / official,0 year,1 year,Low,,0,0
1799149,36,male,single,1,for free,4,management / self-employed / highly qualified employee / officer,,0 year,,0,2 lac,0
1800745,26,male,single,1,own,3,skilled employee / official,1 year,4 years,,,,0
1804919,46,male,single,1,rent,2,unskilled - resident,7 years,,,,,0
1805732,37,male,single,1,own,3,management / self-employed / highly qualified employee / officer,7 years,,,2 lac,,0
1806619,38,male,single,1,own,4,management / self-employed / highly qualified employee / officer,,0 year,,,,0
1809085,44,male,single,1,own,4,skilled employee / official,1 year,4 years,High,,,0
1820644,36,male,single,1,for free,4,skilled employee / official,7 years,,,,,0
1826417,32,male,single,2,own,2,skilled employee / official,1 year,4 years,Low,,,0
1827797,33,male,single,1,own,2,skilled employee / official,1 year,4 years,Low,0,2 lac,0
1830446,38,male,single,1,own,4,management / self-employed / highly qualified employee / officer,,0 year,,,,0
1831874,31,male,single,1,own,2,skilled employee / official,7 years,,Low,2 lac,,0
1833657,32,male,single,1,own,3,skilled employee / official,4 years,7 years,Medium,,0,0
1834069,47,male,single,1,for free,4,skilled employee / official,1 year,4 years,Low,,,0
1835901,26,male,single,1,own,1,skilled employee / official,0 year,1 year,Low,2 lac,,0
1836203,42,male,single,2,own,1,unskilled - resident,4 years,7 years,Low,,,0
1837760,47,male,single,1,own,4,skilled employee / official,7 years,,Low,2 lac,,0
1838598,42,male,single,2,own,1,unskilled - resident,4 years,7 years,Low,,,0
1839770,28,male,single,2,own,4,skilled employee / official,7 years,,Low,0,2 lac,0
1839877,24,male,single,1,own,2,unskilled - resident,4 years,7 years,,,0,0
1840431,25,male,single,1,own,2,skilled employee / official,1 year,4 years,Low,,,0
1841389,32,male,single,1,for free,2,skilled employee / official,1 year,4 years,Low,,,0
1841686,46,male,single,1,own,4,skilled employee / official,7 years,,Very high,,,0
1844436,63,male,single,1,own,4,skilled employee / official,7 years,,,,,0
1844813,27,male,single,1,own,3,unskilled - resident,1 year,4 years,Medium,,,0
1848791,47,male,single,1,own,1,skilled employee / official,7 years,,,,,0
1848913,55,male,single,1,for free,2,management / self-employed / highly qualified employee / officer,,0 year,Low,0,2 lac,0
1849511,32,male,single,1,for free,2,management / self-employed / highly qualified employee / officer,1 year,4 years,Low,,,0
1850736,29,male,single,1,own,2,unskilled - resident,0 year,1 year,,0,2 lac,0
1851627,34,male,single,2,own,3,skilled employee / official,4 years,7 years,,0,2 lac,0
1851827,34,male,single,1,own,4,skilled employee / official,1 year,4 years,Low,0,2 lac,0
1852036,63,male,single,1,for free,4,skilled employee / official,7 years,,Low,2 lac,,0
1853266,49,male,single,1,own,4,unskilled - resident,7 years,,,2 lac,,0
1855241,36,male,single,1,for free,4,skilled employee / official,7 years,,,0,2 lac,0
1860396,36,male,single,1,for free,4,management / self-employed / highly qualified employee / officer,0 year,1 year,Low,,0,0
1860964,36,male,single,1,own,2,skilled employee / official,1 year,4 years,High,2 lac,,0
1862061,35,male,single,1,for free,1,skilled employee / official,4 years,7 years,,,,0
1862524,37,male,single,2,own,2,skilled employee / official,1 year,4 years,Low,,0,0
1863760,45,male,single,2,own,4,unskilled - resident,7 years,,High,,,0
1864186,47,male,single,1,own,4,unskilled - resident,7 years,,Low,,0,0
1866309,48,male,single,1,own,2,unskilled - resident,7 years,,Low,0,2 lac,0
1866940,30,male,single,1,own,2,management / self-employed / highly qualified employee / officer,7 years,,High,,,0
1868234,74,male,single,2,own,1,unemployed / unskilled - non-resident,1 year,4 years,Low,2 lac,,0
1873693,35,male,single,1,own,2,unemployed / unskilled - non-resident,0 year,1 year,,0,2 lac,0
1873969,57,male,single,1,rent,4,unskilled - resident,7 years,,,,,0
1874619,26,male,single,1,own,2,skilled employee / official,7 years,,Low,,,0
1875015,35,male,single,1,own,4,skilled employee / official,7 years,,Medium,,,0
1875017,30,male,single,2,rent,4,skilled employee / official,4 years,7 years,Low,0,2 lac,0
1875288,26,male,single,2,own,2,unskilled - resident,1 year,4 years,,,,0
1876616,37,male,single,1,own,4,skilled employee / official,4 years,7 years,Low,,,0
1881691,26,male,single,1,own,1,skilled employee / official,4 years,7 years,Medium,,0,0
1883131,36,male,single,1,own,4,skilled employee / official,1 year,4 years,High,,,0
1886102,35,male,single,1,own,2,skilled employee / official,7 years,,,,,0
1887006,34,male,single,1,own,4,skilled employee / official,1 year,4 years,Medium,0,2 lac,0
1888759,31,male,single,1,own,2,skilled employee / official,1 year,4 years,Low,,,0
1891556,34,male,single,1,own,4,management / self-employed / highly qualified employee / officer,7 years,,Low,,,0
1891614,35,male,single,1,own,3,skilled employee / official,1 year,4 years,Medium,,,0
1894721,20,male,single,2,rent,2,management / self-employed / highly qualified employee / officer,1 year,4 years,Low,,0,0
1900089,40,male,single,1,own,4,management / self-employed / highly qualified employee / officer,,0 year,Low,0,2 lac,0
1901178,28,male,single,1,own,2,skilled employee / official,1 year,4 years,Low,,0,0
1901818,35,male,single,1,rent,3,skilled employee / official,4 years,7 years,Low,0,2 lac,0
1903505,31,male,single,1,own,2,skilled employee / official,4 years,7 years,,,,0
1126684,45,male,single,1,own,1,skilled employee / official,7 years,,Low,,0,1
1132472,28,male,single,1,own,3,skilled employee / official,4 years,7 years,Low,,0,1
1132898,68,male,single,1,rent,4,skilled employee / official,1 year,4 years,,,,1
1147492,27,male,single,1,own,2,skilled employee / official,0 year,1 year,Low,,,1
1151072,57,male,single,1,for free,4,skilled employee / official,7 years,,Low,0,2 lac,1
1152260,28,male,single,1,own,4,skilled employee / official,4 years,7 years,Low,0,2 lac,1
1156429,40,male,single,1,own,2,management / self-employed / highly qualified employee / officer,1 year,4 years,Medium,,,1
1168078,36,male,single,2,own,4,skilled employee / official,7 years,,Low,0,2 lac,1
1172292,60,male,single,1,own,4,unskilled - resident,7 years,,Low,,0,1
1175174,40,male,single,2,rent,4,unskilled - resident,1 year,4 years,Low,,0,1
1178282,46,male,single,1,for free,4,skilled employee / official,7 years,,Low,,0,1
1192570,32,male,single,2,for free,4,unskilled - resident,4 years,7 years,Low,,0,1
1207853,23,male,single,1,own,2,skilled employee / official,1 year,4 years,Low,0,2 lac,1
1210884,22,male,single,1,own,1,skilled employee / official,0 year,1 year,Low,0,2 lac,1
1216325,30,male,single,2,own,2,management / self-employed / highly qualified employee / officer,,0 year,Low,,0,1
1227188,47,male,single,1,for free,4,skilled employee / official,7 years,,,,0,1
1228039,51,male,single,2,for free,4,skilled employee / official,7 years,,,,0,1
1238022,42,male,single,1,own,2,management / self-employed / highly qualified employee / officer,,0 year,Low,,,1
1239673,35,male,single,1,own,3,skilled employee / official,7 years,,Low,,0,1
1243348,31,male,single,1,own,2,unskilled - resident,0 year,1 year,Low,0,2 lac,1
1257777,32,male,single,1,own,2,skilled employee / official,1 year,4 years,Low,,,1
1273483,28,male,single,1,rent,2,skilled employee / official,1 year,4 years,Low,,0,1
1286651,36,male,single,1,rent,4,skilled employee / official,7 years,,Low,,0,1
1296225,29,male,single,1,rent,4,skilled employee / official,7 years,,Low,,0,1
1300927,26,male,single,2,own,2,skilled employee / official,4 years,7 years,Low,,0,1
1300945,42,male,single,1,own,3,skilled employee / official,1 year,4 years,Low,,0,1
1304185,29,male,single,1,own,3,management / self-employed / highly qualified employee / officer,1 year,4 years,Low,0,2 lac,1
1304525,25,male,single,1,own,2,skilled employee / official,1 year,4 years,Low,0,2 lac,1
1307369,40,male,single,1,own,3,management / self-employed / highly qualified employee / officer,7 years,,,,0,1
1310244,54,male,single,1,own,4,skilled employee / official,1 year,4 years,Low,,0,1
1315873,35,male,single,1,own,2,skilled employee / official,7 years,,High,,,1
1316293,68,male,single,1,own,4,management / self-employed / highly qualified employee / officer,7 years,,Low,,0,1
1323870,63,male,single,1,own,4,skilled employee / official,7 years,,Low,,0,1
1326708,44,male,single,1,own,3,skilled employee / official,1 year,4 years,Low,,0,1
1330233,37,male,single,1,own,2,skilled employee / official,1 year,4 years,Low,2 lac,,1
1331312,55,male,single,2,for free,4,skilled employee / official,7 years,,Very high,,,1
1331656,25,male,single,1,own,1,unemployed / unskilled - non-resident,,0 year,Low,,0,1
1341536,31,male,single,1,rent,2,skilled employee / official,1 year,4 years,Low,,0,1
1354791,31,male,single,1,own,2,skilled employee / official,4 years,7 years,Low,,,1
1355416,31,male,single,1,own,4,skilled employee / official,7 years,,,,0,1
1358207,39,male,single,1,for free,4,skilled employee / official,1 year,4 years,,2 lac,,1
1359833,27,male,single,1,own,4,unskilled - resident,1 year,4 years,,,,1
1361963,52,male,single,1,own,1,management / self-employed / highly qualified employee / officer,,0 year,,0,2 lac,1
1363538,31,male,single,1,own,4,skilled employee / official,7 years,,Low,,0,1
1372926,27,male,single,1,own,2,management / self-employed / highly qualified employee / officer,4 years,7 years,Low,0,2 lac,1
1376069,66,male,single,1,own,3,unskilled - resident,1 year,4 years,High,0,2 lac,1
1379089,30,male,single,1,own,3,management / self-employed / highly qualified employee / officer,0 year,1 year,Medium,0,2 lac,1
1387043,36,male,single,2,own,2,skilled employee / official,1 year,4 years,Low,0,2 lac,1
1388519,37,male,single,1,for free,4,skilled employee / official,1 year,4 years,Low,,,1
1391760,29,male,single,1,own,3,skilled employee / official,4 years,7 years,Medium,0,2 lac,1
1392809,34,male,single,1,own,2,management / self-employed / highly qualified employee / officer,0 year,1 year,Low,2 lac,,1
1397210,34,male,single,2,own,2,management / self-employed / highly qualified employee / officer,,0 year,Medium,0,2 lac,1
1398582,57,male,single,1,own,4,unskilled - resident,7 years,,Low,,0,1
1408229,32,male,single,2,for free,3,skilled employee / official,7 years,,Very high,0,2 lac,1
1410684,25,male,single,1,own,2,skilled employee / official,4 years,7 years,Low,0,2 lac,1
1416025,58,male,single,1,rent,4,skilled employee / official,0 year,1 year,Low,0,2 lac,1
1419059,23,male,single,1,own,2,unskilled - resident,0 year,1 year,Low,0,2 lac,1
1420000,28,male,single,1,own,3,unskilled - resident,1 year,4 years,Low,,0,1
1420165,37,male,single,2,own,2,unskilled - resident,4 years,7 years,,2 lac,,1
1434140,24,male,single,1,own,4,skilled employee / official,4 years,7 years,Low,,0,1
1441760,37,male,single,1,for free,4,skilled employee / official,1 year,4 years,,0,2 lac,1
1442676,30,male,single,1,own,3,skilled employee / official,7 years,,Low,0,2 lac,1
1455390,46,male,single,2,for free,4,skilled employee / official,4 years,7 years,Low,,0,1
1461746,39,male,single,2,for free,4,skilled employee / official,4 years,7 years,Low,,0,1
1466304,49,male,single,1,own,2,skilled employee / official,4 years,7 years,Low,0,2 lac,1
1467259,43,male,single,1,rent,4,skilled employee / official,7 years,,Low,,0,1
1468094,53,male,single,1,for free,4,management / self-employed / highly qualified employee / officer,7 years,,Low,,0,1
1472593,40,male,single,1,own,4,management / self-employed / highly qualified employee / officer,7 years,,,,0,1
1476071,42,male,single,1,own,4,management / self-employed / highly qualified employee / officer,7 years,,Medium,0,2 lac,1
1484297,24,male,single,1,own,1,skilled employee / official,4 years,7 years,Low,,0,1
1487299,24,male,single,1,own,1,skilled employee / official,4 years,7 years,Low,,0,1
1488941,42,male,single,2,own,2,skilled employee / official,7 years,,Low,,0,1
1493175,34,male,single,2,for free,4,unskilled - resident,4 years,7 years,Medium,0,2 lac,1
1500502,24,male,single,1,rent,4,unskilled - resident,4 years,7 years,Low,,0,1
1502591,65,male,single,1,for free,4,skilled employee / official,1 year,4 years,Low,,0,1
1504819,41,male,single,2,own,4,unskilled - resident,7 years,,Low,0,2 lac,1
1510937,36,male,single,1,own,4,unskilled - resident,1 year,4 years,Low,0,2 lac,1
1514853,39,male,single,2,own,3,management / self-employed / highly qualified employee / officer,1 year,4 years,Low,0,2 lac,1
1524976,25,male,single,1,rent,2,unskilled - resident,1 year,4 years,Low,,,1
1532977,27,male,single,1,rent,4,skilled employee / official,0 year,1 year,,,,1
1545112,50,male,single,1,for free,4,skilled employee / official,7 years,,Low,0,2 lac,1
1547494,25,male,single,1,own,2,unskilled - resident,0 year,1 year,Low,0,2 lac,1
1558926,33,male,single,2,own,1,unskilled - resident,0 year,1 year,Low,,0,1
1575976,53,male,single,2,for free,4,skilled employee / official,1 year,4 years,Low,,0,1
1586725,47,male,single,2,for free,4,skilled employee / official,1 year,4 years,Medium,0,2 lac,1
1595096,47,male,single,1,own,4,management / self-employed / highly qualified employee / officer,,0 year,Low,0,2 lac,1
1596358,26,male,single,1,own,2,skilled employee / official,1 year,4 years,Low,2 lac,,1
1597372,42,male,single,1,for free,4,skilled employee / official,1 year,4 years,Low,0,2 lac,1
1598979,24,male,single,2,for free,4,skilled employee / official,7 years,,Low,,0,1
1611783,43,male,single,1,rent,4,skilled employee / official,7 years,,Low,,0,1
1613024,50,male,single,1,own,4,skilled employee / official,,0 year,Low,,0,1
1617637,27,male,single,1,own,3,skilled employee / official,1 year,4 years,Low,,0,1
1620731,27,male,single,1,for free,2,management / self-employed / highly qualified employee / officer,0 year,1 year,Low,,0,1
1622389,45,male,single,1,own,2,unskilled - resident,1 year,4 years,Low,,0,1
1625109,26,male,single,1,own,2,skilled employee / official,4 years,7 years,Low,,0,1
1632164,36,male,single,2,own,2,skilled employee / official,1 year,4 years,Low,,,1
1633625,57,male,single,1,for free,2,management / self-employed / highly qualified employee / officer,7 years,,Low,0,2 lac,1
1635448,33,male,single,1,rent,1,unskilled - resident,0 year,1 year,Low,0,2 lac,1
1637887,37,male,single,1,own,2,unskilled - resident,1 year,4 years,Low,0,2 lac,1
1645589,39,male,single,2,own,4,management / self-employed / highly qualified employee / officer,7 years,,Low,,,1
1649753,34,male,single,1,own,3,skilled employee / official,0 year,1 year,Low,,0,1
1649832,48,male,single,1,own,4,skilled employee / official,1 year,4 years,Low,,0,1
1656780,39,male,single,1,rent,2,management / self-employed / highly qualified employee / officer,7 years,,Low,,0,1
1666331,23,male,single,1,own,2,unskilled - resident,1 year,4 years,High,0,2 lac,1
1674436,53,male,single,2,for free,4,skilled employee / official,1 year,4 years,Low,,0,1
1693022,30,male,single,1,own,2,skilled employee / official,1 year,4 years,Low,0,2 lac,1
1693215,54,male,single,1,own,3,management / self-employed / highly qualified employee / officer,1 year,4 years,Very high,,,1
1706494,40,male,single,2,own,2,unskilled - resident,1 year,4 years,,,0,1
1721124,30,male,single,1,for free,4,management / self-employed / highly qualified employee / officer,7 years,,,,,1
1722344,44,male,single,1,for free,2,skilled employee / official,1 year,4 years,High,,,1
1725992,41,male,single,2,own,2,skilled employee / official,7 years,,Low,,0,1
1728313,29,male,single,1,rent,1,management / self-employed / highly qualified employee / officer,0 year,1 year,Medium,0,2 lac,1
1735719,24,male,single,1,own,2,skilled employee / official,4 years,7 years,Medium,0,2 lac,1
1736265,34,male,single,2,own,1,unskilled - resident,1 year,4 years,Low,2 lac,,1
1749671,23,male,single,2,rent,4,skilled employee / official,7 years,,Low,,0,1
1749949,27,male,single,1,own,2,skilled employee / official,4 years,7 years,Very high,0,2 lac,1
1751876,35,male,single,1,for free,4,skilled employee / official,7 years,,Low,,0,1
1758397,26,male,single,1,own,1,skilled employee / official,0 year,1 year,Low,,0,1
1762049,42,male,single,1,for free,4,management / self-employed / highly qualified employee / officer,7 years,,Low,,0,1
1769463,41,male,single,2,own,4,unskilled - resident,7 years,,Low,,,1
1770037,33,male,single,2,rent,3,skilled employee / official,7 years,,Low,,0,1
1770970,41,male,single,2,own,2,unskilled - resident,0 year,1 year,High,,,1
1775563,26,male,single,2,own,2,skilled employee / official,1 year,4 years,Low,,0,1
1781216,66,male,single,1,own,4,management / self-employed / highly qualified employee / officer,7 years,,Low,2 lac,,1
1790490,31,male,single,1,own,3,skilled employee / official,4 years,7 years,Low,,0,1
1807486,21,male,single,1,rent,4,skilled employee / official,1 year,4 years,Medium,0,2 lac,1
1810247,23,male,single,1,own,2,unemployed / unskilled - non-resident,,0 year,,0,2 lac,1
1817517,29,male,single,1,own,3,skilled employee / official,1 year,4 years,Low,,0,1
1824545,23,male,single,1,for free,4,skilled employee / official,1 year,4 years,Low,,0,1
1825579,47,male,single,2,own,4,unskilled - resident,7 years,,Low,,,1
1825588,26,male,single,1,own,2,management / self-employed / highly qualified employee / officer,1 year,4 years,Low,,,1
1825757,61,male,single,1,for free,4,management / self-employed / highly qualified employee / officer,7 years,,Low,0,2 lac,1
1836234,43,male,single,2,for free,2,skilled employee / official,,0 year,Low,,0,1
1847834,37,male,single,2,own,3,skilled employee / official,7 years,,Low,0,2 lac,1
1853451,46,male,single,1,own,2,skilled employee / official,0 year,1 year,Low,,0,1
1855489,30,male,single,2,for free,4,skilled employee / official,0 year,1 year,High,,0,1
1856513,31,male,single,1,own,4,skilled employee / official,7 years,,Medium,,,1
1857654,22,male,single,1,own,2,skilled employee / official,4 years,7 years,Low,,,1
1865216,29,male,single,1,own,2,skilled employee / official,4 years,7 years,Low,,0,1
1873573,60,male,single,1,own,3,skilled employee / official,7 years,,Low,,0,1
1875951,27,male,single,1,own,4,skilled employee / official,4 years,7 years,Low,,0,1
1880388,33,male,single,1,rent,2,management / self-employed / highly qualified employee / officer,,0 year,Low,,,1
1892474,21,male,single,2,rent,4,unskilled - resident,1 year,4 years,Low,,0,1
1892638,38,male,single,2,for free,3,skilled employee / official,4 years,7 years,Low,2 lac,,1
1893730,38,male,single,2,own,4,skilled employee / official,0 year,1 year,Medium,0,2 lac,1
1902944,22,male,single,1,own,2,skilled employee / official,1 year,4 years,Low,,0,1
